Month,Saudi Arabia,Iraq,Iran,UAE,Kuwait,Big5,Total,WTI Price,Saudi D,Iraq D,Iran D,UAE D,Kuwait D,Big5 D,Total D,WTI Price D
2021-10-01,9.8,4.2,2.45,2.83,2.5,21.78,29.368305,81.32285714,0.15,0.075,0,0.04,0.03,0.295,-0.016341,9.86240259
2021-09-01,9.65,4.125,2.45,2.79,2.47,21.485,29.384646,71.46045455,0.1,0.05,0,0.02,0.02,0.19,-0.02134,3.73318182
2021-08-01,9.55,4.075,2.45,2.77,2.45,21.295,29.405986,67.72727273,0.1,0.075,-0.05,0.05,0.03,0.205,-0.02134,-4.85454545
2021-07-01,9.45,4,2.5,2.72,2.42,21.09,29.427326,72.58181818,0.503,0.05,0,0.03,0.037,0.62,-0.006341,1.20409091
2021-06-01,8.947,3.95,2.5,2.69,2.383,20.47,29.433667,71.37772727,0.465,-0.05,0.05,0.05,0.023,0.538,0.00866,6.14296537
2021-05-01,8.482,4,2.45,2.64,2.36,19.932,29.425007,65.2347619,0.332,0,0,0.03,0.03,0.392,-0.00134,3.53930735
2021-04-01,8.15,4,2.45,2.61,2.33,19.54,29.426347,61.69545455,0,0,0.15,0,0,0.15,0.11266,-0.65454545
2021-03-01,8.15,4,2.3,2.61,2.33,19.39,29.313687,62.35,-0.05,0.05,0.1,0,0,0.1,-0.021341,3.269
2021-02-01,8.2,3.95,2.2,2.61,2.33,19.29,29.335028,59.081,-0.9,0.09,0.15,0,0,-0.66,-0.001395,7.141
2021-01-01,9.1,3.86,2.05,2.61,2.33,19.95,29.336423,51.94,0.09,0,0.05,0.03,0.03,0.2,0.174913,4.84608696
2020-12-01,9.01,3.86,2,2.58,2.3,19.75,29.16151,47.09391304,0,0.04,0.05,0.07,0,0.16,0.064856,5.57772256
2020-11-01,9.01,3.82,1.95,2.51,2.3,19.59,29.096654,41.51619048,0,-0.03,0.05,0.09,0.01,0.12,0.065056,1.98664503
2020-10-01,9.01,3.85,1.9,2.42,2.29,19.47,29.031598,39.52954545,0,0.14,0,-0.08,0,0.06,0.974657,-0.08
2020-09-01,9.01,3.71,1.9,2.5,2.29,19.41,28.056941,39.60954545,0.11,0.02,0,-0.2,0,-0.07,-0.815142,-2.75474026
2020-08-01,8.9,3.69,1.9,2.7,2.29,19.48,28.872083,42.36428571,0.5,-0.01,0,0.25,0.13,0.87,0.034855,1.61428571
2020-07-01,8.4,3.7,1.9,2.45,2.16,18.61,28.837228,40.75,0.7,-0.05,-0.05,0.1,0.07,0.77,0.622228,2.44772727
2020-06-01,7.7,3.75,1.95,2.35,2.09,17.84,28.215,38.30227273,-0.85,-0.47,-0.025,-0.15,-0.11,-1.605,-0.36,9.50751083
2020-05-01,8.55,4.22,1.975,2.5,2.2,19.445,28.575,28.7947619,-3.05,-0.28,0,-1.3,-0.8,-5.43,0.755,11.98748917
2020-04-01,11.6,4.5,1.975,3.8,3,24.875,27.82,16.80727273,1.8,0,-0.025,0.3,0.1,2.175,-0.04,-13.07
2020-03-01,9.8,4.5,2,3.5,2.9,22.7,27.86,29.87727273,0.05,-0.15,-0.05,0.3,0.19,0.34,0.115,-20.72422727
2020-02-01,9.75,4.65,2.05,3.2,2.71,22.36,27.745,50.6015,-0.1,0.1,0.05,0,0,0.05,0.37,-7.11328261
2020-01-01,9.85,4.55,2,3.2,2.71,22.31,27.375,57.71478261,0.1,0,0,0.05,0,0.15,0.27,-2.14294466
2019-12-01,9.75,4.55,2,3.15,2.71,22.16,27.105,59.85772727,-0.15,-0.1,0,-0.1,0.01,-0.34,0.4,2.74725108
2019-11-01,9.9,4.65,2,3.25,2.7,22.5,26.705,57.11047619,0.05,-0.1,-0.1,0.05,0,-0.1,-0.015,3.13134576
2019-10-01,9.85,4.75,2.1,3.2,2.7,22.6,26.72,53.97913043,1.35,0.1,0,0.05,0,1.5,0.705,-2.87801243
2019-09-01,8.5,4.65,2.1,3.15,2.7,21.1,26.015,56.85714286,-1.35,-0.1,0,0,0,-1.45,0.553,2.01805195
2019-08-01,9.85,4.75,2.1,3.15,2.7,22.55,25.462,54.83909091,0.1,0.05,0,0.05,0,0.2,0.467,-2.66960474
2019-07-01,9.75,4.7,2.1,3.1,2.7,22.35,24.995,57.50869565,-0.25,0,-0.1,-0.05,-0.02,-0.42,-0.03,2.83169565
2019-06-01,10,4.7,2.2,3.15,2.72,22.77,25.025,54.677,0.1,0,-0.1,0.05,0,0.05,0.15,-6.05647826
2019-05-01,9.9,4.7,2.3,3.1,2.72,22.72,24.875,60.73347826,0.05,0,-0.2,0,0,-0.15,-0.44,-3.14243083
2019-04-01,9.85,4.7,2.5,3.1,2.72,22.87,25.315,63.87590909,0,0.08,-0.1,0,0,-0.02,0.06,5.72209957
2019-03-01,9.85,4.62,2.6,3.1,2.72,22.89,25.255,58.15380952,-0.25,-0.16,-0.05,-0.05,-0.03,-0.54,0.185,3.16780952
2019-02-01,10.1,4.78,2.65,3.15,2.75,23.43,25.07,54.986,0.05,-0.07,0,0.05,0,0.03,0.75,3.6286087
2019-01-01,10.05,4.85,2.65,3.1,2.75,23.4,24.32,51.3573913,-0.45,0.05,0.05,-0.08,-0.05,-0.48,0.345,2.7221532
2018-12-01,10.5,4.8,2.6,3.18,2.8,23.88,23.975,48.6352381,-0.5,0.03,-0.1,0.04,0,-0.53,0.035,-7.93248917
2018-11-01,11,4.77,2.7,3.14,2.8,24.41,23.94,56.56772727,0.28,0.04,-0.7,0.14,0,-0.24,0.965,-14.18357708
2018-10-01,10.72,4.73,3.4,3,2.8,24.65,22.975,70.75130435,0.2,0.03,0,0.05,0,0.28,0.625,0.56580435
2018-09-01,10.52,4.7,3.4,2.95,2.8,24.37,22.35,70.1855,0.1,0.025,-0.12,0,0,0.005,-1.96,2.19680435
2018-08-01,10.42,4.675,3.52,2.95,2.8,24.365,24.31,67.98869565,-0.06,0.071,-0.202,0.04,0,-0.151,-5.865,-3.00266799
2018-07-01,10.48,4.604,3.722,2.91,2.8,24.516,30.175,70.99136364,0.06,0.03,-0.058,0.03,0.08,0.142,1.985,3.4685065
2018-06-01,10.42,4.574,3.78,2.88,2.72,24.374,28.19,67.52285714,0.3,0.084,-0.025,0.04,0.01,0.409,0.24,-2.36975156
2018-05-01,10.12,4.49,3.805,2.84,2.71,23.965,27.95,69.8926087,0.06,0.05,-0.02,-0.02,0,0.07,-0.72,3.57213251
2018-04-01,10.06,4.44,3.825,2.86,2.71,23.895,28.67,66.32047619,0.01,-0.04,0.01,0.01,-0.01,-0.02,-0.235,3.45911255
2018-03-01,10.05,4.48,3.815,2.85,2.72,23.915,28.905,62.86136364,-0.05,0.01,-0.02,-0.02,0.01,-0.07,-0.099586,0.71136364
2018-02-01,10.1,4.47,3.835,2.87,2.71,23.985,29.004586,62.15,-0.06,0.04,-0.005,-0.04,0,-0.065,-0.140414,-1.40695652
2018-01-01,10.16,4.43,3.84,2.91,2.71,24.05,29.145,63.55695652,0.1,0.05,0.01,0.01,0.01,0.18,1.46,5.59457557
2017-12-01,10.06,4.38,3.83,2.9,2.7,23.87,27.685,57.96238095,-0.05,0.06,-0.01,0.02,-0.01,0.01,-1.56,1.2519264
2017-11-01,10.11,4.32,3.84,2.88,2.71,23.86,29.245,56.71045455,-0.05,-0.07,-0.01,-0.03,-0.03,-0.19,0.24,5.1459091
2017-10-01,10.16,4.39,3.85,2.91,2.74,24.05,29.005,51.56454545,-0.03,-0.15,0.01,-0.01,0.01,-0.17,-0.42,1.85835497
2017-09-01,10.19,4.54,3.84,2.92,2.73,24.22,29.425,49.70619048,0.05,0.04,0.01,0,0.02,0.12,0.09,1.67445135
2017-08-01,10.14,4.5,3.83,2.92,2.71,24.1,29.335,48.03173913,-0.06,0.025,0,0,0,-0.035,-0.32,1.35792961
2017-07-01,10.2,4.475,3.83,2.92,2.71,24.135,29.655,46.67380952,-0.05,0.01,0.01,0,-0.01,-0.04,0.06,1.50608225
2017-06-01,10.25,4.465,3.82,2.92,2.72,24.175,29.595,45.16772727,0.2,0.015,0.01,0.02,0.01,0.255,-0.496,-3.39183795
2017-05-01,10.05,4.45,3.81,2.9,2.71,23.92,30.091,48.55956522,0.07,0.05,0,0.02,0,0.14,-0.065,-2.60843478
2017-04-01,9.98,4.4,3.81,2.88,2.71,23.78,30.156,51.168,0.03,-0.005,0,-0.02,0,0.005,-0.66,1.58321739
2017-03-01,9.95,4.405,3.81,2.9,2.71,23.775,30.816,49.58478261,-0.05,-0.015,0.01,-0.02,-0.01,-0.085,-0.78,-3.81671739
2017-02-01,10,4.42,3.8,2.92,2.72,23.86,31.596,53.4015,0.02,-0.12,0,-0.02,-0.06,-0.18,-0.245,0.84195455
2017-01-01,9.98,4.54,3.8,2.94,2.78,24.04,31.841,52.55954545,-0.52,-0.12,0.02,-0.16,-0.14,-0.92,0.175,0.54590909
2016-12-01,10.5,4.66,3.78,3.1,2.92,24.96,31.666,52.01363636,-0.1,0.04,0.06,0,0,0,0.136,6.39045454
2016-11-01,10.6,4.62,3.72,3.1,2.92,24.96,31.53,45.62318182,0.05,0.08,0.02,0.03,0.01,0.19,0.244,-4.26205628
2016-10-01,10.55,4.54,3.7,3.07,2.91,24.77,31.286,49.8852381,-0.01,0.085,0.01,-0.02,0,0.065,0.057,4.71796537
2016-09-01,10.56,4.455,3.69,3.09,2.91,24.705,31.229,45.16727273,-0.04,0.02,0.02,0.03,0,0.03,0.001,0.4181423
2016-08-01,10.6,4.435,3.67,3.06,2.91,24.675,31.228,44.74913043,-0.03,0.045,0.02,0.03,0.01,0.075,-0.115,-0.14277433
2016-07-01,10.63,4.39,3.65,3.03,2.9,24.6,31.343,44.89190476,0.13,0.01,0.02,0.02,0.04,0.22,-0.066,-3.8567316
2016-06-01,10.5,4.38,3.63,3.01,2.86,24.38,31.409,48.74863636,0.2,0.05,0.01,0.03,0,0.29,-0.177,1.90272727
2016-05-01,10.3,4.33,3.62,2.98,2.86,24.09,31.586,46.84590909,0.1,-0.12,0.03,0.18,0.21,0.4,-0.17,5.88305195
2016-04-01,10.2,4.45,3.59,2.8,2.65,23.69,31.756,40.96285714,0,0.25,0.09,0.01,-0.23,0.12,0.279,3.1889441
2016-03-01,10.2,4.2,3.5,2.79,2.88,23.57,31.477,37.77391304,0,0,0.3,0.025,0.02,0.345,-0.154,7.42534161
2016-02-01,10.2,4.2,3.2,2.765,2.86,23.225,31.631,30.34857143,0,-0.25,0.15,-0.22,-0.04,-0.36,-0.239,-1.35619047
2016-01-01,10.2,4.45,3.05,2.985,2.9,23.585,31.87,31.7047619,0.1,0.05,0.25,0.045,0.05,0.495,-0.195,-5.53654245
2015-12-01,10.1,4.4,2.8,2.94,2.85,23.09,32.065,37.24130435,0,0,0,0.02,0.05,0.07,0.148,-5.4110766
2015-11-01,10.1,4.4,2.8,2.92,2.8,23.02,31.917,42.65238095,-0.1,0.15,0,-0.01,0.05,0.09,-0.133,-3.54398269
2015-10-01,10.2,4.25,2.8,2.93,2.75,22.93,32.05,46.19636364,-0.05,-0.15,0,0.01,-0.05,-0.24,0.22,0.715
2015-09-01,10.25,4.4,2.8,2.92,2.8,23.17,31.83,45.48136364,0,0.2,0,0,0,0.2,0.431,2.61803031
2015-08-01,10.25,4.2,2.8,2.92,2.8,22.97,31.399,42.86333333,-0.11,-0.1,0,0.01,0.04,-0.16,0.503,-8.2984058
2015-07-01,10.36,4.3,2.8,2.91,2.76,23.13,30.896,51.16173913,-0.09,0.05,0,0,0.03,-0.01,0.081,-8.64280632
2015-06-01,10.45,4.25,2.8,2.91,2.73,23.14,30.815,59.80454545,0.15,0.35,0,0.01,0,0.51,-0.377,0.5421645
2015-05-01,10.3,3.9,2.8,2.9,2.73,22.63,31.192,59.26238095,0.2,0.15,0,0.01,0.01,0.37,-0.118,5.05874459
2015-04-01,10.1,3.75,2.8,2.89,2.72,22.26,31.31,54.20363636,0,0.05,0,0.03,0.02,0.1,-0.939708,6.42
2015-03-01,10.1,3.7,2.8,2.86,2.7,22.16,32.249708,47.78363636,0.4,0.4,0,0.01,0,0.81,-0.141607,-2.93386364
2015-02-01,9.7,3.3,2.8,2.85,2.7,21.35,32.391315,50.7175,0.1,-0.15,0,0.01,0,-0.04,0.391988,3.11386364
2015-01-01,9.6,3.45,2.8,2.84,2.7,21.39,31.999327,47.60363636,0,-0.3,0,0.03,0.05,-0.22,0.263807,-11.49592886
2014-12-01,9.6,3.75,2.8,2.81,2.65,21.61,31.73552,59.09956522,0,0.35,0,0.04,0,0.39,0.051777,-16.60193478
2014-11-01,9.6,3.4,2.8,2.77,2.65,21.22,31.683743,75.7015,-0.1,-0.04,0,0.03,0,-0.11,-0.126252,-8.6985
2014-10-01,9.7,3.44,2.8,2.74,2.65,21.33,31.809995,84.4,0.1,-0.05,0,-0.04,0,0.01,0.084532,-8.94909091
2014-09-01,9.6,3.49,2.8,2.78,2.65,21.32,31.725463,93.34909091,-0.1,0.29,0,-0.1,0,0.09,0.434112,-3.03233766
2014-08-01,9.7,3.2,2.8,2.88,2.65,21.23,31.291351,96.38142857,-0.1,0.03,0,0.03,0.05,0.01,0.025293,-6.60465843
2014-07-01,9.8,3.17,2.8,2.85,2.6,21.22,31.266058,102.986087,0.15,-0.13,0,0,0.05,0.07,0.106513,-2.2558178
2014-06-01,9.65,3.3,2.8,2.85,2.55,21.15,31.159545,105.2419048,0,0,0,0.05,-0.05,0,0.094015,3.238723
2014-05-01,9.65,3.3,2.8,2.8,2.6,21.15,31.06553,102.0031818,0,0.025,0,0.2,0.1,0.325,-0.424012,-0.1754546
2014-04-01,9.65,3.275,2.8,2.6,2.5,20.825,31.489542,102.1786364,0,-0.025,0,-0.2,0,-0.225,0.385462,1.6053031
2014-03-01,9.65,3.3,2.8,2.8,2.5,21.05,31.10408,100.5733333,-0.2,-0.1,0,0.1,-0.05,-0.25,-0.012369,-0.1306667
2014-02-01,9.85,3.4,2.8,2.7,2.55,21.3,31.116449,100.704,-0.05,0.3,0,0,0,0.25,0.124878,5.70747826
2014-01-01,9.9,3.1,2.8,2.7,2.55,21.05,30.991571,94.99652174,0.1,0.2,0.1,0,-0.05,0.35,-0.225072,-2.90575099
2013-12-01,9.8,2.9,2.7,2.7,2.6,20.7,31.216643,97.90227273,0,-0.05,0.02,0,0,-0.03,0.12909,4.08989178
2013-11-01,9.8,2.95,2.68,2.7,2.6,20.73,31.087553,93.81238095,0,0,0,0,0,0,-0.213171,-6.68805385
2013-10-01,9.8,2.95,2.68,2.7,2.6,20.73,31.300724,100.5004348,-0.3,0.15,0,0,0,-0.15,0.20797,-5.8133747
2013-09-01,10.1,2.8,2.68,2.7,2.6,20.88,31.092754,106.3138095,-0.1,-0.45,0,0,0,-0.55,0.451225,-0.2325541
2013-08-01,10.2,3.25,2.68,2.7,2.6,21.43,30.641529,106.5463636,0.2,0.175,0,0,0,0.375,0.24986,2.0011462
2013-07-01,10,3.075,2.68,2.7,2.6,21.055,30.391669,104.5452174,0.2,0,0,0,0,0.2,0.15363,8.7557174
2013-06-01,9.8,3.075,2.68,2.7,2.6,20.855,30.238039,95.7895,0.2,0.025,0,0,0,0.225,0.832983,1.07080435
2013-05-01,9.6,3.05,2.68,2.7,2.6,20.63,29.405056,94.71869565,0.2,-0.1,0,0,0,0.1,-0.101622,2.69960474
2013-04-01,9.4,3.15,2.68,2.7,2.6,20.53,29.506678,92.01909091,0.3,0.1,0,0,0,0.4,-0.391981,-1.09900433
2013-03-01,9.1,3.05,2.68,2.7,2.6,20.13,29.898659,93.11809524,0,0,0,0,0,0,0.271662,-2.17690476
2013-02-01,9.1,3.05,2.68,2.7,2.6,20.13,29.626997,95.295,0,0,0,0,0,0,-0.551504,0.6423913
2013-01-01,9.1,3.05,2.68,2.7,2.6,20.13,30.178501,94.6526087,-0.1,-0.05,0,0,0,-0.15,0.284815,6.46118013
2012-12-01,9.2,3.1,2.68,2.7,2.6,20.28,29.893686,88.19142857,-0.3,-0.1,-0.02,0,0,-0.42,0.255043,1.50188312
2012-11-01,9.5,3.2,2.7,2.7,2.6,20.7,29.638643,86.68954545,-0.26,0.15,0,0,0.04,-0.07,0.297819,-2.82784585
2012-10-01,9.76,3.05,2.7,2.7,2.56,20.77,29.340824,89.5173913,0,-0.2,-0.05,0,0,-0.25,0.251209,-5.0886087
2012-09-01,9.76,3.25,2.75,2.7,2.56,21.02,29.089615,94.606,-0.215,0.1,0,0,-0.015,-0.13,0.028504,0.49556522
2012-08-01,9.975,3.15,2.75,2.7,2.575,21.15,29.061111,94.11043478,0,0.1,-0.05,0,0,0.05,0.302459,6.21998023
2012-07-01,9.975,3.05,2.8,2.7,2.575,21.1,28.758652,87.89045455,-0.005,0.1,-0.15,0,-0.005,-0.06,-0.164161,5.53093074
2012-06-01,9.98,2.95,2.95,2.7,2.58,21.16,28.922813,82.35952381,0.29,0.05,-0.175,0,-0.01,0.155,-0.496384,-12.14743271
2012-05-01,9.69,2.9,3.125,2.7,2.59,21.005,29.419197,94.50695652,-0.2,-0.04,-0.075,0,0,-0.315,0.136421,-8.77732918
2012-04-01,9.89,2.94,3.2,2.7,2.59,21.32,29.282776,103.2842857,-0.1,0.24,-0.15,0,0,-0.01,0.523042,-2.8661688
2012-03-01,9.99,2.7,3.35,2.7,2.59,21.33,28.759734,106.1504545,-0.01,0.15,-0.05,0.1,-0.01,0.18,0.187501,3.8875974
2012-02-01,10,2.55,3.4,2.6,2.6,21.15,28.572233,102.2628571,0.2,-0.1,-0.05,0,0,0.05,-0.509175,2.1142207
2012-01-01,9.8,2.65,3.45,2.6,2.6,21.1,29.081408,100.1486364,0,-0.05,-0.1,0,0.05,-0.1,-0.036132,1.53636367
2011-12-01,9.8,2.7,3.55,2.6,2.55,21.2,29.11754,98.61227273,0,0,-0.05,0,0,-0.05,-0.814211,1.54590909
2011-11-01,9.8,2.7,3.6,2.6,2.55,21.25,29.931751,97.06636364,0.3,0,0,0,0,0.3,0.063352,10.66017316
2011-10-01,9.5,2.7,3.6,2.6,2.55,20.95,29.868399,86.40619048,-0.2,0,-0.05,0,0,-0.25,0.117206,0.7893723
2011-09-01,9.7,2.7,3.65,2.6,2.55,21.2,29.751193,85.61681818,-0.2,0.1,0,0,0,-0.1,-0.120042,-0.70448617
2011-08-01,9.9,2.6,3.65,2.6,2.55,21.3,29.871235,86.32130435,0.1,0,0,0,0.05,0.15,-0.035241,-10.87250517
2011-07-01,9.8,2.6,3.65,2.6,2.5,21.15,29.906476,97.19380952,0.2,0.05,-0.05,0,0,0.2,0.451682,0.93971861
2011-06-01,9.6,2.55,3.7,2.6,2.5,20.95,29.454794,96.25409091,0.7,0,0,0,0,0.7,0.163951,-4.99727269
2011-05-01,8.9,2.55,3.7,2.6,2.5,20.25,29.290843,101.2513636,0,0.05,0,0,0,0.05,-0.116493,-8.7914935
2011-04-01,8.9,2.5,3.7,2.6,2.5,20.2,29.407336,110.0428571,0,0,0,0.1,0.1,0.2,-0.236436,7.1267701
2011-03-01,8.9,2.5,3.7,2.5,2.4,20,29.643772,102.916087,-0.2,0,0,0.1,0.1,0,-0.417104,13.550087
2011-02-01,9.1,2.5,3.7,2.4,2.3,20,30.060876,89.366,0.42,-0.1,0,0,0,0.32,-0.083846,-0.144
2011-01-01,8.68,2.6,3.7,2.4,2.3,19.68,30.144722,89.51,0.41,0.1,0,0.1,0,0.61,-0.458124,0.28652174
2010-12-01,8.27,2.5,3.7,2.3,2.3,19.07,30.602846,89.22347826,0.05,0.15,0,0,0,0.2,-0.20923,5.03166008
2010-11-01,8.22,2.35,3.7,2.3,2.3,18.87,30.812076,84.19181818,0.05,0,0,0,0,0.05,0.181909,2.29229437
2010-10-01,8.17,2.35,3.7,2.3,2.3,18.82,30.630167,81.89952381,-0.01,0,0,0,0,-0.01,-0.120482,6.63952381
2010-09-01,8.18,2.35,3.7,2.3,2.3,18.83,30.750649,75.26,-0.01,0.05,0,0,0,0.04,0.088067,-1.34181818
2010-08-01,8.19,2.3,3.7,2.3,2.3,18.79,30.662582,76.60181818,0.01,0,0,0,0,0.01,-0.399163,0.44272727
2010-07-01,8.18,2.3,3.7,2.3,2.3,18.78,31.061745,76.15909091,0,-0.1,-0.1,0,0.1,-0.1,0.243995,0.80545455
2010-06-01,8.18,2.4,3.8,2.3,2.2,18.88,30.81775,75.35363636,0.07,0.05,0,0,0,0.12,0.212733,1.61220779
2010-05-01,8.11,2.35,3.8,2.3,2.2,18.76,30.605017,73.74142857,-0.09,0,0,0,0,-0.09,0.291789,-10.75402598
2010-04-01,8.2,2.35,3.8,2.3,2.2,18.85,30.313228,84.49545455,0.05,0,0,0,0,0.05,0.207999,3.24501977
2010-03-01,8.15,2.35,3.8,2.3,2.2,18.8,30.105229,81.25043478,-0.01,-0.1,0,0,0,-0.11,-0.016712,4.95143478
2010-02-01,8.16,2.45,3.8,2.3,2.2,18.91,30.121941,76.299,0.05,0,0,0,0,0.05,0.85392,-2.08719048
2010-01-01,8.11,2.45,3.8,2.3,2.2,18.86,29.268021,78.38619048,-0.09,0.1,0,0,-0.1,-0.09,-0.325022,3.783147
2009-12-01,8.2,2.35,3.8,2.3,2.3,18.95,29.593043,74.60304348,-0.1,0,0,0,0,-0.1,0.066924,-3.34743271
2009-11-01,8.3,2.35,3.8,2.3,2.3,19.05,29.526119,77.95047619,0,-0.05,0,0,0,-0.05,0.083974,2.17820346
2009-10-01,8.3,2.4,3.8,2.3,2.3,19.1,29.442145,75.77227273,0,-0.05,0,0,0,-0.05,0.287079,6.39363637
2009-09-01,8.3,2.45,3.8,2.3,2.3,19.15,29.155066,69.37863636,-0.1,0,0,0,0,-0.1,0.647057,-1.68136364
2009-08-01,8.4,2.45,3.8,2.3,2.3,19.25,28.508009,71.06,-0.1,0,0,0,0,-0.1,0.088547,6.82608696
2009-07-01,8.5,2.45,3.8,2.3,2.3,19.35,28.419462,64.23391304,0.2,0.05,0,0,0,0.25,0.04639,-5.3874506
2009-06-01,8.3,2.4,3.8,2.3,2.3,19.1,28.373072,69.62136364,0.25,0,0,0,0,0.25,-1.19975,10.40612554
2009-05-01,8.05,2.4,3.8,2.3,2.3,18.85,29.572822,59.2152381,0,0.05,0,0,0,0.05,-0.054796,9.29569265
2009-04-01,8.05,2.35,3.8,2.3,2.3,18.8,29.627618,49.91954545,0,0,0.05,0,0,0.05,0.800305,1.9440909
2009-03-01,8.05,2.35,3.75,2.3,2.3,18.75,28.827313,47.97545455,0,0.05,0,0,0,0.05,0.185396,8.90695455
2009-02-01,8.05,2.3,3.75,2.3,2.3,18.7,28.641917,39.0685,-0.05,0.1,-0.05,0,0,0,-0.019233,-2.56240909
2009-01-01,8.1,2.2,3.8,2.3,2.3,18.7,28.66115,41.63090909,-0.4,-0.15,-0.1,-0.15,-0.15,-0.95,-0.023954,0.98221344
2008-12-01,8.5,2.35,3.9,2.45,2.45,19.65,28.685104,40.64869565,-0.45,0,0,0,0,-0.45,-0.030059,-16.50230435
2008-11-01,8.95,2.35,3.9,2.45,2.45,20.1,28.715163,57.151,-0.45,0.03,0,-0.1,-0.15,-0.67,-0.019502,-19.46378261
2008-10-01,9.4,2.32,3.9,2.55,2.6,20.77,28.734665,76.61478261,0,0,0,-0.05,0,-0.05,-0.154052,-27.84567189
2008-09-01,9.4,2.32,3.9,2.6,2.6,20.82,28.888717,104.4604545,-0.2,-0.13,0,0,0,-0.33,0.15539,-12.1800217
2008-08-01,9.6,2.45,3.9,2.6,2.6,21.15,28.733327,116.6404762,-0.1,-0.05,0,0,0,-0.15,-0.094821,-17.255176
2008-07-01,9.7,2.5,3.9,2.6,2.6,21.3,28.828148,133.8956522,0.25,0.05,0.1,0,0,0.4,-0.010892,-0.0314907
2008-06-01,9.45,2.45,3.8,2.6,2.6,20.9,28.83904,133.9271429,0.05,0,0,0,0,0.05,-0.047214,8.2716884
2008-05-01,9.4,2.45,3.8,2.6,2.6,20.85,28.886254,125.6554545,0.3,0.1,0,0,0,0.4,-0.00085,13.0368181
2008-04-01,9.1,2.35,3.8,2.6,2.6,20.45,28.887104,112.6186364,-0.1,0,0,0,0,-0.1,-0.095896,7.2738745
2008-03-01,9.2,2.35,3.8,2.6,2.6,20.55,28.983,105.3447619,0,0,0,0,0,0,-0.018,9.95523809
2008-02-01,9.2,2.35,3.8,2.6,2.6,20.55,29.001,95.38952381,0,0.15,0,0,0.05,0.2,0.036,2.38691511
2008-01-01,9.2,2.2,3.8,2.6,2.55,20.35,28.965,93.0026087,0.1,-0.1,0.1,0.05,0,0.15,0.044,1.24356108
2007-12-01,9.1,2.3,3.7,2.55,2.55,20.2,28.921,91.75904762,0.1,0.05,0,0.4,0.03,0.58,0.015,-3.14549783
2007-11-01,9,2.25,3.7,2.15,2.52,19.62,28.906,94.90454545,0.2,-0.05,0,-0.45,0.02,-0.28,0.096,9.00063241
2007-10-01,8.8,2.3,3.7,2.6,2.5,19.9,28.81,85.90391304,0,0.1,0,0,0,0.1,0.244,6.29091304
2007-09-01,8.8,2.2,3.7,2.6,2.5,19.8,28.566,79.613,0.2,0.3,0,0.05,0,0.55,0.081,7.23473913
2007-08-01,8.6,1.9,3.7,2.55,2.5,19.25,28.485,72.37826087,0,-0.15,0,0.05,0.055,-0.045,0.025,-1.6394664
2007-07-01,8.6,2.05,3.7,2.5,2.445,19.295,28.46,74.01772727,0,0.05,0,0,0.025,0.075,0.146,6.52582251
2007-06-01,8.6,2,3.7,2.5,2.42,19.22,28.314,67.49190476,0,-0.1,0,0,0,-0.1,-0.106,3.98451346
2007-05-01,8.6,2.1,3.7,2.5,2.42,19.32,28.42,63.5073913,0,0,0,0,0,0,-0.153,-0.44546584
2007-04-01,8.6,2.1,3.7,2.5,2.42,19.32,28.573,63.95285714,0,0.05,0,0,0,0.05,-0.967,3.35103896
2007-03-01,8.6,2.05,3.7,2.5,2.42,19.27,29.54,60.60181818,0,0.05,0,0.04,0,0.09,-0.652,1.34481818
2007-02-01,8.6,2,3.7,2.46,2.42,19.18,30.192,59.257,-0.15,0.25,0,-0.04,-0.03,0.03,-0.714,4.47917391
2007-01-01,8.75,1.75,3.7,2.5,2.45,19.15,30.906,54.77782609,0,-0.25,0,0,0,-0.25,0.040194,-7.21455486
2006-12-01,8.75,2,3.7,2.5,2.45,19.4,30.865806,61.99238095,-0.05,0,0,0,-0.05,-0.1,-0.296693,2.92465368
2006-11-01,8.8,2,3.7,2.5,2.5,19.5,31.162499,59.06772727,0,-0.1,-0.05,-0.1,-0.05,-0.3,-0.195863,0.21727272
2006-10-01,8.8,2.1,3.75,2.6,2.55,19.8,31.358362,58.85045455,-0.2,-0.05,0,0,0,-0.25,0.361133,-5.22430735
2006-09-01,9,2.15,3.75,2.6,2.55,20.05,30.997229,64.0747619,-0.3,-0.05,0,0,0,-0.35,0.079863,-8.96697723
2006-08-01,9.3,2.2,3.75,2.6,2.55,20.4,30.917366,73.04173913,0,0,0,0,0,0,0.358958,-1.31730849
2006-07-01,9.3,2.2,3.75,2.6,2.55,20.4,30.558408,74.35904762,0.2,0.05,0,0.1,0,0.35,-0.292043,3.42722944
2006-06-01,9.1,2.15,3.75,2.5,2.55,20.05,30.850451,70.93181818,-0.1,0.25,0,0,0.025,0.175,0.210958,-0.02035573
2006-05-01,9.2,1.9,3.75,2.5,2.525,19.875,30.639493,70.95217391,-0.15,0,-0.05,0,0,-0.2,0.083958,1.42067391
2006-04-01,9.35,1.9,3.8,2.5,2.525,20.075,30.555535,69.5315,0,0,0,0,0,0,-0.023962,6.64193478
2006-03-01,9.35,1.9,3.8,2.5,2.525,20.075,30.579497,62.88956522,-0.15,0.1,-0.05,0,-0.025,-0.125,0.654917,1.36106522
2006-02-01,9.5,1.8,3.85,2.5,2.55,20.2,29.92458,61.5285,0.1,0.2,-0.05,0,-0.05,0.2,-0.150749,-3.68195455
2006-01-01,9.4,1.6,3.9,2.5,2.6,20,30.075329,65.21045455,-0.1,-0.05,0,0,0,-0.15,0.186747,5.85
2005-12-01,9.5,1.65,3.9,2.5,2.6,20.15,29.888582,59.36045455,0,-0.05,-0.05,0,0,-0.1,0.631986,1.06136364
2005-11-01,9.5,1.7,3.95,2.5,2.6,20.25,29.256596,58.29909091,0,-0.1,0,0,0,-0.1,-0.016709,-4.06471861
2005-10-01,9.5,1.8,3.95,2.5,2.6,20.35,29.273305,62.36380952,-0.1,-0.25,0,0,0,-0.35,0.266,-3.26664503
2005-09-01,9.6,2.05,3.95,2.5,2.6,20.7,29.007305,65.63045455,0,0.15,-0.05,0.05,0.1,0.25,-0.133,0.67480238
2005-08-01,9.6,1.9,4,2.45,2.5,20.45,29.140305,64.95565217,0,-0.1,0,0.05,0,-0.05,-0.174695,6.28565217
2005-07-01,9.6,2,4,2.4,2.5,20.5,29.315,58.67,0,0.1,0,0.1,0,0.2,0.208,2.28090909
2005-06-01,9.6,1.9,4,2.3,2.5,20.3,29.107,56.38909091,0,0,0.1,0,0,0.1,0.079,6.48272727
2005-05-01,9.6,1.9,3.9,2.3,2.5,20.2,29.028,49.90636364,0,0,0,-0.2,0,-0.2,0.069,-3.0564935
2005-04-01,9.6,1.9,3.9,2.5,2.5,20.4,28.959,52.96285714,0.1,0,0,0.05,0,0.15,-0.321,-1.08018634
2005-03-01,9.5,1.9,3.9,2.45,2.5,20.25,29.28,54.04304348,0,0,0,0.05,0,0.05,-0.073,6.06104348
2005-02-01,9.5,1.9,3.9,2.4,2.5,20.2,29.353,47.982,0,0,0,0,0.05,0.05,-0.364,1.08771429
2005-01-01,9.5,1.9,3.9,2.4,2.45,20.15,29.717,46.89428571,0,0,0,-0.1,0.05,-0.05,-0.23,3.62080745
2004-12-01,9.5,1.9,3.9,2.5,2.4,20.2,29.947,43.27347826,0,0.2,0,0,0,0.2,-0.341,-5.24697629
2004-11-01,9.5,1.7,3.9,2.5,2.4,20,30.288,48.52045455,0,-0.5,0,0,0,-0.5,0.102,-4.72573593
2004-10-01,9.5,2.2,3.9,2.5,2.4,20.5,30.186,53.24619048,0,-0.1,0,0,0,-0.1,0.32,7.40391775
2004-09-01,9.5,2.3,3.9,2.5,2.4,20.6,29.866,45.84227273,0,0.5,0,0,0,0.5,0.243,0.91863637
2004-08-01,9.5,1.8,3.9,2.5,2.4,20.1,29.623,44.92363636,0,-0.2,0,0.07,0,-0.13,-0.322,4.21227272
2004-07-01,9.5,2,3.9,2.43,2.4,20.23,29.945,40.71136364,0,0.3,0,0.02,0,0.32,0.003,2.66136364
2004-06-01,9.5,1.7,3.9,2.41,2.4,19.91,29.942,38.05,1,-0.2,0,0.23,0,1.03,-0.15,-2.21571429
2004-05-01,8.5,1.9,3.9,2.18,2.4,18.88,30.092,40.26571429,0.1,-0.4,0,0.06,0.05,-0.19,0.0388,3.52525974
2004-04-01,8.4,2.3,3.9,2.12,2.35,19.07,30.0532,36.74045455,0,0.1,0,-0.15,-0.005,-0.055,-0.305078,0.0091502
2004-03-01,8.4,2.2,3.9,2.27,2.355,19.125,30.358278,36.73130435,-0.3,0.2,0,-0.05,0.055,-0.095,-0.091166,2.00980435
2004-02-01,8.7,2,3.9,2.32,2.3,19.22,30.449444,34.7215,0,-0.1,0,0.02,0,-0.08,-0.045841,0.59740909
2004-01-01,8.7,2.1,3.9,2.3,2.3,19.3,30.495285,34.12409091,0.111673627,0.154952447,0.037797087,0,0.044180941,0.3486041,-0.347236,1.94539526
2003-12-01,8.588326373,1.945047553,3.862202913,2.3,2.255819059,18.9513959,30.842521,32.17869565,0.158675776,0.099746028,0.099030844,0.05,0.09807909,0.50553174,0.328746,1.15469565
2003-11-01,8.429650597,1.845301525,3.763172069,2.25,2.157739969,18.44586416,30.513775,31.024,-0.14875854,0.099746029,0.049515422,0.02,0,0.02050291,0.029561,0.70226087
2003-10-01,8.578409137,1.745555496,3.713656647,2.23,2.157739969,18.42536125,30.484214,30.32173913,0.09917236,0.349111099,0,0.03,0.098079089,0.57636255,0.247273,1.88855731
2003-09-01,8.479236777,1.396444397,3.713656647,2.2,2.05966088,17.8489987,30.236941,28.43318182,-0.059503416,0.349111099,0,-0.04,0,0.24960768,0.120275,-3.1506277
2003-08-01,8.538740193,1.047333298,3.713656647,2.24,2.05966088,17.59939102,30.116666,31.58380952,0,0.478780936,0,-0.01,0,0.46878094,-0.122912,0.84946169
2003-07-01,8.538740193,0.568552362,3.713656647,2.25,2.05966088,17.13061008,30.239578,30.73434783,-0.089255124,0.119695234,0.029709253,0,0,0.06014936,0.114897,0.02434783
2003-06-01,8.627995317,0.448857128,3.683947394,2.25,2.05966088,17.07046072,30.124681,30.71,-0.694206519,0.159593646,0,-0.05,-0.181446315,-0.76605919,0.198389,2.50818182
2003-05-01,9.322201836,0.289263482,3.683947394,2.3,2.241107195,17.83651991,29.926292,28.20181818,-0.19834472,0.239390468,0,-0.05,-0.112790953,-0.1217452,0.103095,-0.12636364
2003-04-01,9.520546556,0.049873014,3.683947394,2.35,2.353898148,17.95826511,29.823197,28.32818182,0.138841304,-1.316647575,-0.004951542,0,0.098079089,-1.08467873,0.20123,-4.98753247
2003-03-01,9.381705252,1.366520589,3.688898936,2.35,2.255819059,19.04294384,29.621967,33.31571429,0.585116924,-1.112168216,0.024757711,0.2,0.245197724,-0.05709585,0.204728,-2.53678571
2003-02-01,8.796588328,2.478688805,3.664141225,2.15,2.010621335,19.10003969,29.417239,35.8525,0.298012941,-0.064834918,0.074273133,0.05,0.059337849,0.416789,-0.522,2.93728261
2003-01-01,8.498575387,2.543523723,3.589868092,2.1,1.951283486,18.68325069,29.939239,32.91521739,0.449075387,0.223523723,0.039868092,0.06,-0.018216514,0.75425069,0.025,3.47521739
2002-12-01,8.0495,2.32,3.55,2.04,1.9695,17.929,29.914239,29.44,-0.0505,-0.07,0.05,0.04,0.0295,-0.001,0.516,2.88
2002-11-01,8.1,2.39,3.5,2,1.94,17.93,29.398239,26.56,0.2,-0.03,0,-0.013,0.01,0.167,-0.185271,-2.29
2002-10-01,7.9,2.42,3.5,2.013,1.93,17.763,29.58351,28.85,0.02,0.6,0.05,0.01,0,0.68,0.396,-0.82
2002-09-01,7.88,1.82,3.45,2.003,1.93,17.083,29.18751,29.67,0.15,0.32,0.045,0.013,0.02,0.548,1.142136,1.3
2002-08-01,7.73,1.5,3.405,1.99,1.91,16.535,28.045374,28.37,0.03,-0.33,0.015,0.01,0,-0.275,-0.194,1.45
2002-07-01,7.7,1.83,3.39,1.98,1.91,16.81,28.239374,26.92,0.2,0.31,0.01,0.02,0.02,0.56,-0.05,1.41
2002-06-01,7.5,1.52,3.38,1.96,1.89,16.25,28.289374,25.51,0.05,-0.34,0.02,0,0.01,-0.26,-0.102,-1.53
2002-05-01,7.45,1.86,3.36,1.96,1.88,16.51,28.391374,27.04,-0.005,0.65,0.02,-0.01,0.02,0.675,-0.081,0.8
2002-04-01,7.455,1.21,3.34,1.97,1.86,15.835,28.472374,26.24,0.145,-1.3,-0.01,0.015,0.01,-1.14,0.29277201,1.86
2002-03-01,7.31,2.51,3.35,1.955,1.85,16.975,28.17960199,24.38,0.1,-0.03,0.02,0.005,0.047,0.142,0.66931281,3.66
2002-02-01,7.21,2.54,3.33,1.95,1.803,16.833,27.51028918,20.72,-0.09,0.23,-0.02,-0.01,-0.047,0.063,-0.02020328,1.03
2002-01-01,7.3,2.31,3.35,1.96,1.85,16.77,27.53049246,19.69,-0.3,0.325295043,-0.106,-0.013030096,-0.062637353,-0.15637241,0.61928615,0.38
2001-12-01,7.6,1.984704957,3.456,1.973030096,1.912637353,16.92637241,26.91120631,19.31,-0.07,-0.766371221,-0.044,0,0,-0.88037122,0.33936329,-0.28
2001-11-01,7.67,2.751076178,3.5,1.973030096,1.912637353,17.80674363,26.57184302,19.59,0,-0.104147884,0,0,-0.009858955,-0.11400684,0.49126653,-2.59
2001-10-01,7.67,2.855224062,3.5,1.973030096,1.922496308,17.92075047,26.08057649,22.18,-0.13,0.233841475,-0.12,-0.029015148,-0.019717911,-0.06489158,0.12120121,-3.41
2001-09-01,7.8,2.621382587,3.62,2.002045244,1.942214219,17.98564205,25.95937528,25.59,-0.27,-0.198470495,-0.13,-0.074472214,-0.064083211,-0.73702592,-0.71444611,-1.86
2001-08-01,8.07,2.819853082,3.75,2.076517458,2.00629743,18.72266797,26.67382139,27.45,-0.18,0.71724486,-0.09,-0.012573231,0.014788434,0.44946006,0.2014003,1.01
2001-07-01,8.25,2.102608222,3.84,2.089090689,1.991508996,18.27320791,26.47242109,26.44,0.2,1.021828295,0.09,-0.019343433,-0.009858956,1.28262591,-0.8192145,-1.12
2001-06-01,8.05,1.080779927,3.75,2.108434122,2.001367952,16.990582,27.29163559,27.56,0.05,-1.768548971,0.1,-0.016441917,0.036478135,-1.59851275,0.62258099,-1.05
2001-05-01,8,2.849328898,3.65,2.124876039,1.964889817,18.58909475,26.6690546,28.61,0.05,-0.024563181,-0.1,-0.051260096,-0.016760224,-0.14258351,1.30759554,1.24
2001-04-01,7.95,2.873892079,3.75,2.176136135,1.981650041,18.73167826,25.36145906,27.37,-0.35,0.073689541,-0.05,-0.087045445,-0.088730599,-0.5020865,0.41043336,0.13
2001-03-01,8.3,2.800202538,3.8,2.26318158,2.07038064,19.23376476,24.9510257,27.24,-0.02,0.648467956,0.05,0.038686864,-0.029576866,0.68757796,-1.79871425,-2.33
2001-02-01,8.32,2.151734582,3.75,2.224494716,2.099957506,18.5461868,26.74973995,29.57,-0.38,0.451962515,-0.15,-0.058030297,-0.069012688,-0.20508047,0.0725714,0.05
2001-01-01,8.7,1.699772067,3.9,2.282525013,2.168970194,18.75126727,26.67716855,29.52,-0.1,0.349772067,0.053549408,-0.057474987,0.008814737,0.25466122,0.76571046,1.12
2000-12-01,8.8,1.35,3.846450592,2.34,2.160155457,18.49660605,25.91145809,28.4,-0.1,-1.46,0.074543616,0.005,-0.00488723,-1.48534361,0.80708495,-5.97
2000-11-01,8.9,2.81,3.771906976,2.335,2.165042687,19.98194966,25.10437314,34.37,0.1,-0.19,-0.004969574,0.005,0.00488723,-0.08508235,-0.14739385,1.32
2000-10-01,8.8,3,3.77687655,2.33,2.160155457,20.06703201,25.25176699,33.05,-0.175,0.13,0.07951319,0.02,0.039097836,0.09361103,0.5697722,-0.84
2000-09-01,8.975,2.87,3.69736336,2.31,2.121057621,19.97342098,24.68199479,33.89,0.1525,-0.12,0.004969575,0.01,-0.002443615,0.04502596,-0.28154055,2.58
2000-08-01,8.8225,2.99,3.692393785,2.3,2.123501236,19.92839502,24.96353534,31.31,0.4325,0.47,0,0.06,0.002443615,0.96494361,0.84608496,1.34
2000-07-01,8.39,2.52,3.692393785,2.24,2.121057621,18.96345141,24.11745038,29.97,0.14,-0.04,0.044726169,0.04,0.019548918,0.20427509,-1.20424715,-1.89
2000-06-01,8.25,2.56,3.647667616,2.2,2.101508703,18.75917632,25.32169753,31.86,0.05,-0.49,0.019878298,-0.1,0.048872296,-0.47124941,0.2036255,3.08
2000-05-01,8.2,3.05,3.627789318,2.3,2.052636407,19.23042573,25.11807203,28.78,0.1,0.4,0.009939149,0,0,0.50993915,0.03335905,3
2000-04-01,8.1,2.65,3.617850169,2.3,2.052636407,18.72048658,25.08471298,25.78,0.235,0.44,-0.059634893,0.08,0.058646754,0.75401186,-0.49429023,-4.14
2000-03-01,7.865,2.21,3.677485062,2.22,1.993989653,17.96647472,25.57900321,29.92,0,-0.38,0.208722125,0.05,0.024436148,-0.09684172,-0.89573261,0.71
2000-02-01,7.865,2.59,3.468762937,2.17,1.969553505,18.06331644,26.47473582,29.21,0.002,0.38,0.059634893,0.005,0.051804633,0.49843952,-0.09028783,1.97
2000-01-01,7.863,2.21,3.409128044,2.165,1.917748872,17.56487692,26.56502365,27.24,1.788E-06,0.81,0.009286726,0.09048973,-0.004233092,0.90554516,-0.04131398,1.22
1999-12-01,7.862998212,1.4,3.399841318,2.07451027,1.921981964,16.65933176,26.60633763,26.02,-2.00E-03,-0.8,-0.049997666,0.049988199,0.016999841,-0.78500963,-0.80113759,0.96
1999-11-01,7.864998212,2.2,3.449838984,2.024522071,1.904982123,17.44434139,27.40747522,25.06,0.019999995,-0.465,-0.049997667,-0.039990559,-0.019999813,-0.55498804,0.50220937,2.12
1999-10-01,7.844998217,2.665,3.499836651,2.06451263,1.924981936,17.99932943,26.90526585,22.94,0.109999975,-0.185,0.049997667,0,0.039999625,0.01499726,1.22131752,-0.58
1999-09-01,7.734998242,2.85,3.449838984,2.06451263,1.884982311,17.98433217,25.68394833,23.52,0.024999995,0,-0.049997667,0.00499882,0.024999765,0.00500092,-1.49476521,2.35
1999-08-01,7.709998247,2.85,3.499836651,2.05951381,1.859982546,17.97933125,27.17871354,21.17,0.099999977,0.05,0.019999067,0.00999764,0.029999719,0.2099964,-0.24459156,1.28
1999-07-01,7.60999827,2.8,3.479837584,2.04951617,1.829982827,17.76933485,27.4233051,19.89,0,0.45,0.099995333,0.019995279,0,0.56999061,-0.67169425,2.17
1999-06-01,7.60999827,2.35,3.379842251,2.029520891,1.829982827,17.19934424,28.09499935,17.72,-0.054999988,-0.35,-0.019999067,-0.019995279,0.014999859,-0.42999447,0.66999524,-0.03
1999-05-01,7.664998258,2.7,3.399841318,2.04951617,1.814982968,17.62933871,27.42500411,17.75,0,0.05,-0.049997666,-0.0499882,0.029999718,-0.01998615,-0.39034018,0.52
1999-04-01,7.664998258,2.65,3.449838984,2.09950437,1.78498325,17.64932486,27.81534429,17.23,-0.554999873,0.225,-0.309985532,-0.054987019,-0.234997794,-0.92997022,0.17398941,2.87
1999-03-01,8.219998131,2.425,3.759824516,2.154491389,2.019981044,18.57929508,27.64135488,14.36,0.054999987,-0.225,-0.129993933,-0.094977578,0.014999859,-0.37997167,-1.43124204,2.37
1999-02-01,8.164998144,2.65,3.889818449,2.249468967,2.004981185,18.95926675,29.07259692,11.99,0.099999977,0.14,0.259987865,0.089978758,0.009999906,0.59996651,-0.05042113,-0.35
1999-01-01,8.064998167,2.51,3.629830584,2.159490209,1.994981279,18.35930024,29.12301805,12.34,-0.045001833,0.21,0.079830584,-0.050509791,-0.015018721,0.17930024,0.27152619,1.03
1998-12-01,8.11,2.3,3.55,2.21,2.01,18.18,28.85149186,11.31,-0.06,-0.2,-0.05,0,-0.01,-0.32,-0.02736695,-1.65
1998-11-01,8.17,2.5,3.6,2.21,2.02,18.5,28.87885881,12.96,-0.05,-0.05,0.15,0,0.05,0.1,0.97054742,-1.46
1998-10-01,8.22,2.55,3.45,2.21,1.97,18.4,27.90831139,14.42,0.047,0,-0.2,-0.01,-0.002,-0.165,0.26893174,-0.56
1998-09-01,8.173,2.55,3.65,2.22,1.972,18.565,27.63937965,14.98,-0.052,0,0.25,0,-0.053,0.145,-0.40921115,1.58
1998-08-01,8.225,2.55,3.4,2.22,2.025,18.42,28.0485908,13.4,-0.05,0.2,-0.15,0.02,-0.05,-0.03,0.53191278,-0.72
1998-07-01,8.275,2.35,3.55,2.2,2.075,18.45,27.51667802,14.12,-0.05,0.435,-0.25,-0.02,-0.03,0.085,0.90789597,0.41
1998-06-01,8.325,1.915,3.8,2.22,2.105,18.365,26.60878205,13.71,-0.3,-0.325,0.2,-0.03,0,-0.455,-0.06673359,-1.19
1998-05-01,8.625,2.24,3.6,2.25,2.105,18.82,26.67551564,14.9,0.04,0.26,-0.2,-0.09,-0.01,0,0.66298152,-0.42
1998-04-01,8.585,1.98,3.8,2.34,2.115,18.82,26.01253412,15.32,0.125,0.16,0.2,-0.06,-0.095,0.33,1.1536114,0.21
1998-03-01,8.46,1.82,3.6,2.4,2.21,18.49,24.85892272,15.11,-0.3,0.122,0,0.045,0,-0.133,-0.87527495,-0.95
1998-02-01,8.76,1.698,3.6,2.355,2.21,18.623,25.73419767,16.06,-0.005,0.442,0,0,-0.005,0.432,-0.53505988,-0.64
1998-01-01,8.765,1.256,3.6,2.355,2.215,18.191,26.26925755,16.7,0.243806613,0.500721355,-0.05,0.125,0.118943508,0.93847148,0.0644555,-1.6
1997-12-01,8.521193387,0.755278645,3.65,2.23,2.096056492,17.25252852,26.20480205,18.3,0.107430519,-0.592738008,0,0.005,0.096370413,-0.38393708,0.02499015,-1.8
1997-11-01,8.413762868,1.348016653,3.65,2.225,1.999686079,17.6364656,26.1798119,20.1,-0.048832054,-0.228724848,0.05,-0.02,0,-0.2475569,0.23485827,-1.15
1997-10-01,8.462594922,1.576741501,3.6,2.245,1.999686079,17.8840225,25.94495363,21.25,0,-0.107062694,0.15,0,0,0.0429373,0.54026688,1.48
1997-09-01,8.462594922,1.683804195,3.45,2.245,1.999686079,17.8410852,25.40468675,19.77,0.004883205,0.214125389,-0.2,0,0.004818521,0.02382712,-0.50992256,-0.15
1997-08-01,8.457711717,1.469678806,3.65,2.245,1.994867558,17.81725808,25.91460931,19.92,0.097664108,0.885700472,0,0,0,0.98336458,-0.06449998,0.29
1997-07-01,8.360047609,0.583978334,3.65,2.245,1.994867558,16.8338935,25.97910929,19.63,0.019532821,0,-0.05,0,0.019274082,-0.0111931,-1.18884294,0.46
1997-06-01,8.340514788,0.583978334,3.7,2.245,1.975593476,16.8450866,27.16795223,19.17,-0.007813128,-0.700774,0.1,0.115,0.022165196,-0.47142193,-0.25010442,-1.66
1997-05-01,8.348327916,1.284752334,3.6,2.13,1.95342828,17.31650853,27.41805665,20.83,-0.019532822,0.048664861,-0.05,-0.15,-0.077096331,-0.24796429,0.52003846,1.12
1997-04-01,8.367860738,1.236087473,3.65,2.28,2.030524611,17.56447282,26.89801819,19.71,0.051761977,0.097329723,0,0,0.001927408,0.15101911,0.1066998,-1.27
1997-03-01,8.316098761,1.13875775,3.65,2.28,2.028597203,17.41345371,26.79131839,20.98,0.104500595,0.048664861,0,0.03,0.026983716,0.21014917,-0.255,-1.21
1997-02-01,8.211598166,1.090092889,3.65,2.25,2.001613487,17.20330454,27.04631839,22.19,0.139659674,0.038931889,0,0.03,-0.007709633,0.20088193,0.27013138,-2.98
1997-01-01,8.071938492,1.051161,3.65,2.22,2.00932312,17.00242261,26.77618701,25.17,-0.286061508,0.168849064,0.05,-0.005,-0.06767688,-0.13988933,-0.135,-0.2
1996-12-01,8.358,0.882311936,3.6,2.225,2.077,17.14231194,26.91118701,25.37,0.103,0.337062987,-0.05,0.055,0.002,0.44706299,0.08519922,1.76
1996-11-01,8.255,0.545248949,3.65,2.17,2.075,16.69524895,26.82598779,23.61,0,0,0.05,-0.06,0,-0.01,-0.27017517,-1.29
1996-10-01,8.255,0.545248949,3.6,2.23,2.075,16.70524895,27.09616296,24.9,0.055,0,-0.1,0,0.005,-0.04,-0.12475699,0.89
1996-09-01,8.2,0.545248949,3.7,2.23,2.07,16.74524895,27.22091995,24.01,-0.02,0,0.02,0.05,0.03,0.08,-0.515,2.07
1996-08-01,8.22,0.545248949,3.68,2.18,2.04,16.66524895,27.73591995,21.94,-0.075,0,0.03,0,-0.025,-0.07,-0.06835033,0.65
1996-07-01,8.295,0.545248949,3.65,2.18,2.065,16.73524895,27.80427028,21.29,0.1,0,0,-0.01,0,0.09,-0.07243792,0.87
1996-06-01,8.195,0.545248949,3.65,2.19,2.065,16.64524895,27.8767082,20.42,0.06,0,0.05,-0.005,0.01,0.115,-0.016,-0.79
1996-05-01,8.135,0.545248949,3.6,2.195,2.055,16.53024895,27.8927082,21.21,0.047,0,-0.05,0.025,-0.012,0.01,0.45175698,-2.35
1996-04-01,8.088,0.545248949,3.65,2.17,2.067,16.52024895,27.44095122,23.56,-0.16,0,-0.03,-0.035,0.01,-0.215,1.02276259,2.25
1996-03-01,8.248,0.545248949,3.68,2.205,2.057,16.73524895,26.41818863,21.31,0,0,0.03,0.02,0,0.05,-0.36590709,2.22
1996-02-01,8.248,0.545248949,3.65,2.185,2.057,16.68524895,26.78409572,19.09,0.1305,0,-0.05,-0.025,0.0195,0.075,-0.23005653,0.22
1996-01-01,8.1175,0.545248949,3.7,2.21,2.0375,16.61024895,27.01415225,18.87,0.0075,-0.009751051,0.05,0.120219667,0.0225,0.19046862,0.14706749,-0.16
1995-12-01,8.11,0.555,3.65,2.089780333,2.015,16.41978033,26.86708476,19.03,0.09,0,0.05,-0.063623289,-0.055,0.02137671,0.00550879,1.02
1995-11-01,8.02,0.555,3.6,2.153403622,2.07,16.39840362,26.86157597,18.01,-0.295,0,-0.1,0,0.005,-0.39,1.12524239,0.58
1995-10-01,8.315,0.555,3.7,2.153403622,2.065,16.78840362,25.73633358,17.43,0,0,0.1,0,0.03,0.13,0.014562,-0.79
1995-09-01,8.315,0.555,3.6,2.153403622,2.035,16.65840362,25.72177158,18.22,-0.11,0,-0.05,0,-0.04,-0.2,-0.41786779,0.21
1995-08-01,8.425,0.555,3.65,2.153403622,2.075,16.85840362,26.13963937,18.01,0.015,0,0.15,0,0.015,0.18,-0.26456954,0.71
1995-07-01,8.41,0.555,3.5,2.153403622,2.06,16.67840362,26.40420891,17.3,0.31,0,-0.05,0,0.01,0.27,0.24449255,-1.12
1995-06-01,8.1,0.555,3.55,2.153403622,2.05,16.40840362,26.15971636,18.42,-0.3,0,-0.25,0,0,-0.55,0.19531589,-1.31
1995-05-01,8.4,0.555,3.8,2.153403622,2.05,16.95840362,25.96440047,19.73,0.18,0,0.2,0,-0.02,0.36,0.25305508,-0.18
1995-04-01,8.22,0.555,3.6,2.153403622,2.07,16.59840362,25.71134539,19.91,0.11,0,0.15,0,0.01,0.27,-0.06356144,1.36
1995-03-01,8.11,0.555,3.45,2.153403622,2.06,16.32840362,25.77490683,18.55,-0.11,0,-0.2,0,-0.01,-0.32,0.51975143,0
1995-02-01,8.22,0.555,3.65,2.153403622,2.07,16.64840362,25.2551554,18.55,0.1,0,0.1,0,0,0.2,0.04728493,0.53
1995-01-01,8.12,0.555,3.55,2.153403622,2.07,16.44840362,25.20787047,18.02,-0.152659086,-2.4E-07,-0.06786328,-0.046552918,0.02924952,-0.23782601,0.14796076,0.85
1994-12-01,8.272659086,0.55500024,3.61786328,2.19995654,2.04075048,16.68622963,25.05990971,17.17,0.054816393,0.00E+00,-0.09952856,0.02907422,0.00497754,-0.0106604,0.0505071,-0.9
1994-11-01,8.217842693,0.55500024,3.71739184,2.17088232,2.03577294,16.69689003,25.00940261,18.07,0,0,0.09952856,0,0,0.09952856,-0.0035221,0.37
1994-10-01,8.217842693,0.55500024,3.61786328,2.17088232,2.03577294,16.59736147,25.01292471,17.7,0.064789062,0,-0.0497644,-0.03876562,-0.00497754,-0.0287185,0.15384113,0.25
1994-09-01,8.153053631,0.55500024,3.66762768,2.20964794,2.04075048,16.62607997,24.85908358,17.45,0.059800772,0,0.0497644,0,0,0.10956517,0.14874607,-0.93
1994-08-01,8.093252859,0.55500024,3.61786328,2.20964794,2.04075048,16.5165148,24.71033751,18.38,0.019933588,0,0.04976416,0,0,0.06969775,0.0617719,-1.27
1994-07-01,8.073319271,0.55500024,3.56809912,2.20964794,2.04075048,16.44681705,24.64856561,19.65,0.009968748,0,-0.09952856,0,0,-0.08955981,-0.20278791,0.58
1994-06-01,8.063350523,0.55500024,3.66762768,2.20964794,2.04075048,16.53637686,24.85135352,19.07,0,0,0.09952856,0.01938281,0,0.11891137,0.09749391,1.19
1994-05-01,8.063350523,0.55500024,3.56809912,2.19026513,2.04075048,16.41746549,24.75385961,17.88,-0.019937497,0,0.04976441,0.0096914,0.02986474,0.06938305,0.09338596,1.48
1994-04-01,8.08328802,0.55500024,3.51833471,2.18057373,2.01088574,16.34808244,24.66047365,16.4,0.014953128,0.01,-0.14929297,0,0.01493213,-0.10940771,-0.03535992,1.75
1994-03-01,8.068334892,0.54500024,3.66762768,2.18057373,1.99595361,16.45749015,24.69583357,14.65,0.007476559,0,0.09952856,-0.02422851,0.00746631,0.09024292,0.10637672,-0.12
1994-02-01,8.060858333,0.54500024,3.56809912,2.20480224,1.9884873,16.36724723,24.58945685,14.77,-0.007476559,0,-0.04976416,0.02422851,0.00248877,-0.03052344,-0.32995801,-0.24
1994-01-01,8.068334892,0.54500024,3.61786328,2.18057373,1.98599853,16.39777067,24.91941486,15.01,0.063334892,0.00500024,0.02937328,0.09179973,-0.04209647,0.14741167,0.23498716,0.5
1993-12-01,8.005,0.54,3.58849,2.088774,2.028095,16.250359,24.6844277,14.51,0.01,0,0.145479,0,0.004946,0.160425,-0.20533796,-2.17
1993-11-01,7.995,0.54,3.443011,2.088774,2.023149,16.089934,24.88976566,16.68,-0.15,0.01,-0.145479,0,0,-0.285479,0.25104219,-1.48
1993-10-01,8.145,0.53,3.58849,2.088774,2.023149,16.375413,24.63872347,18.16,-0.125,0,0.048493,0,0.024733,-0.051774,0.32012497,0.65
1993-09-01,8.27,0.53,3.539997,2.088774,1.998416,16.427187,24.3185985,17.51,-0.075,0.03,0.145479,0.009634,-0.024733,0.08538,-0.65500636,-0.5
1993-08-01,8.345,0.5,3.394518,2.07914,2.023149,16.341807,24.97360486,18.01,0.105,0,-0.290959,0,0.103878,-0.082081,0.52499464,0.15
1993-07-01,8.24,0.5,3.685477,2.07914,1.919271,16.423888,24.44861022,17.86,0.09,0,0.14548,-0.019268,0.163238,0.37945,0.51999152,-1.25
1993-06-01,8.15,0.5,3.539997,2.098408,1.756033,16.044438,23.9286187,19.11,0.15,0,0,0,0.061832,0.211832,-0.34797025,-0.83
1993-05-01,8,0.5,3.539997,2.098408,1.694201,15.832606,24.27658895,19.94,0,0,0.145479,-0.038537,0.066779,0.173721,0.14777954,-0.32
1993-04-01,8,0.5,3.394518,2.136945,1.627422,15.658885,24.12880941,20.26,-0.3,0,-0.193972,0,-0.004947,-0.498919,-0.23439872,-0.06
1993-03-01,8.3,0.5,3.58849,2.136945,1.632369,16.157804,24.36320813,20.32,-0.14,0,-0.048493,-0.033719,-0.212703,-0.434915,-0.03517261,0.28
1993-02-01,8.44,0.5,3.636983,2.170664,1.845072,16.592719,24.39838074,20.04,-0.06,0,0.096986,0.009634,0.18797,0.23459,0.00475761,0.98
1993-01-01,8.5,0.5,3.539997,2.16103,1.657102,16.358129,24.39362313,19.06,8.5,0.5,3.539997,2.16103,1.657102,16.358129,24.39362313,19.06
