Month,WTI Price,Saudi D,Iraq D,Iran D,UAE D,Kuwait D,Big5 D,Total D,WTI Price D
2021-10-01,71.46045455,-0.1,-0.05,0,-0.02,-0.035,-0.205,0.02134,-9.86240259
2021-09-01,67.72727273,-0.15,-0.075,0,-0.04,-0.03,-0.295,0.016341,-3.73318182
2021-08-01,72.58181818,-0.1,-0.05,0,-0.02,-0.02,-0.19,0.02134,4.85454545
2021-07-01,71.37772727,-0.1,-0.075,0.05,-0.05,-0.03,-0.205,0.02134,-1.20409091
2021-06-01,65.2347619,-0.503,-0.05,0,-0.03,-0.037,-0.62,0.006341,-6.14296537
2021-05-01,61.69545455,-0.465,0.05,-0.05,-0.05,-0.023,-0.538,-0.00866,-3.53930735
2021-04-01,62.35,-0.332,0,0,-0.03,-0.03,-0.392,0.00134,0.65454545
2021-03-01,59.081,0,0,-0.15,0,0,-0.15,-0.11266,-3.269
2021-02-01,51.94,0.05,-0.05,-0.1,0,0,-0.1,0.021341,-7.141
2021-01-01,47.09391304,0.9,-0.09,-0.15,0,0,0.66,0.001395,-4.84608696
2020-12-01,41.51619048,-0.09,0,-0.05,-0.03,-0.03,-0.2,-0.174913,-5.57772256
2020-11-01,39.52954545,0,-0.04,-0.05,-0.07,0,-0.16,-0.064856,-1.98664503
2020-10-01,39.60954545,0,0.03,-0.05,-0.09,-0.01,-0.12,-0.065056,0.08
2020-09-01,42.36428571,0,-0.14,0,0.08,0,-0.06,-0.974657,2.75474026
2020-08-01,40.75,-0.11,-0.02,0,0.2,0,0.07,0.815142,-1.61428571
2020-07-01,38.30227273,-0.5,0.01,0,-0.25,-0.13,-0.87,-0.034855,-2.44772727
2020-06-01,28.7947619,-0.7,0.05,0.05,-0.1,-0.07,-0.77,-0.622228,-9.50751083
2020-05-01,16.80727273,0.85,0.47,0.025,0.15,0.11,1.605,0.36,-11.98748917
2020-04-01,29.87727273,3.05,0.28,0,1.3,0.8,5.43,-0.755,13.07
2020-03-01,50.6015,-1.8,0,0.025,-0.3,-0.1,-2.175,0.04,20.72422727
2020-02-01,57.71478261,-0.05,0.15,0.05,-0.3,-0.19,-0.34,-0.115,7.11328261
2020-01-01,59.85772727,0.1,-0.1,-0.05,0,0,-0.05,-0.37,2.14294466
2019-12-01,57.11047619,-0.1,0,0,-0.05,0,-0.15,-0.27,-2.74725108
2019-11-01,53.97913043,0.15,0.1,0,0.1,-0.01,0.34,-0.4,-3.13134576
2019-10-01,56.85714286,-0.05,0.1,0.1,-0.05,0,0.1,0.015,2.87801243
2019-09-01,54.83909091,-1.35,-0.1,0,-0.05,0,-1.5,-0.705,-2.01805195
2019-08-01,57.50869565,1.35,0.1,0,0,0,1.45,-0.553,2.66960474
2019-07-01,54.677,-0.1,-0.05,0,-0.05,0,-0.2,-0.467,-2.83169565
2019-06-01,60.73347826,0.25,0,0.1,0.05,0.02,0.42,0.03,6.05647826
2019-05-01,63.87590909,-0.1,0,0.1,-0.05,0,-0.05,-0.15,3.14243083
2019-04-01,58.15380952,-0.05,0,0.2,0,0,0.15,0.44,-5.72209957
2019-03-01,54.986,0,-0.08,0.1,0,0,0.02,-0.06,-3.16780952
2019-02-01,51.3573913,0.25,0.16,0.05,0.05,0.03,0.54,-0.185,-3.6286087
2019-01-01,48.6352381,-0.05,0.07,0,-0.05,0,-0.03,-0.75,-2.7221532
2018-12-01,56.56772727,0.45,-0.05,-0.05,0.08,0.05,0.48,-0.345,7.93248917
2018-11-01,70.75130435,0.5,-0.03,0.1,-0.04,0,0.53,-0.035,14.18357708
2018-10-01,70.1855,-0.28,-0.04,0.7,-0.14,0,0.24,-0.965,-0.56580435
2018-09-01,67.98869565,-0.2,-0.03,0,-0.05,0,-0.28,-0.625,-2.19680435
2018-08-01,70.99136364,-0.1,-0.025,0.12,0,0,-0.005,1.96,3.00266799
2018-07-01,67.52285714,0.06,-0.071,0.202,-0.04,0,0.151,5.865,-3.4685065
2018-06-01,69.8926087,-0.06,-0.03,0.058,-0.03,-0.08,-0.142,-1.985,2.36975156
2018-05-01,66.32047619,-0.3,-0.084,0.025,-0.04,-0.01,-0.409,-0.24,-3.57213251
2018-04-01,62.86136364,-0.06,-0.05,0.02,0.02,0,-0.07,0.72,-3.45911255
2018-03-01,62.15,-0.01,0.04,-0.01,-0.01,0.01,0.02,0.235,-0.71136364
2018-02-01,63.55695652,0.05,-0.01,0.02,0.02,-0.01,0.07,0.099586,1.40695652
2018-01-01,57.96238095,0.06,-0.04,0.005,0.04,0,0.065,0.140414,-5.59457557
2017-12-01,56.71045455,-0.1,-0.05,-0.01,-0.01,-0.01,-0.18,-1.46,-1.2519264
2017-11-01,51.56454545,0.05,-0.06,0.01,-0.02,0.01,-0.01,1.56,-5.1459091
2017-10-01,49.70619048,0.05,0.07,0.01,0.03,0.03,0.19,-0.24,-1.85835497
2017-09-01,48.03173913,0.03,0.15,-0.01,0.01,-0.01,0.17,0.42,-1.67445135
2017-08-01,46.67380952,-0.05,-0.04,-0.01,0,-0.02,-0.12,-0.09,-1.35792961
2017-07-01,45.16772727,0.06,-0.025,0,0,0,0.035,0.32,-1.50608225
2017-06-01,48.55956522,0.05,-0.01,-0.01,0,0.01,0.04,-0.06,3.39183795
2017-05-01,51.168,-0.2,-0.015,-0.01,-0.02,-0.01,-0.255,0.496,2.60843478
2017-04-01,49.58478261,-0.07,-0.05,0,-0.02,0,-0.14,0.065,-1.58321739
2017-03-01,53.4015,-0.03,0.005,0,0.02,0,-0.005,0.66,3.81671739
2017-02-01,52.55954545,0.05,0.015,-0.01,0.02,0.01,0.085,0.78,-0.84195455
2017-01-01,52.01363636,-0.02,0.12,0,0.02,0.06,0.18,0.245,-0.54590909
2016-12-01,45.62318182,0.52,0.12,-0.02,0.16,0.14,0.92,-0.175,-6.39045454
2016-11-01,49.8852381,0.1,-0.04,-0.06,0,0,0,-0.136,4.26205628
2016-10-01,45.16727273,-0.05,-0.08,-0.02,-0.03,-0.01,-0.19,-0.244,-4.71796537
2016-09-01,44.74913043,0.01,-0.085,-0.01,0.02,0,-0.065,-0.057,-0.4181423
2016-08-01,44.89190476,0.04,-0.02,-0.02,-0.03,0,-0.03,-0.001,0.14277433
2016-07-01,48.74863636,0.03,-0.045,-0.02,-0.03,-0.01,-0.075,0.115,3.8567316
2016-06-01,46.84590909,-0.13,-0.01,-0.02,-0.02,-0.04,-0.22,0.066,-1.90272727
2016-05-01,40.96285714,-0.2,-0.05,-0.01,-0.03,0,-0.29,0.177,-5.88305195
2016-04-01,37.77391304,-0.1,0.12,-0.03,-0.18,-0.21,-0.4,0.17,-3.1889441
2016-03-01,30.34857143,0,-0.25,-0.09,-0.01,0.23,-0.12,-0.279,-7.42534161
2016-02-01,31.7047619,0,0,-0.3,-0.025,-0.02,-0.345,0.154,1.35619047
2016-01-01,37.24130435,0,0.25,-0.15,0.22,0.04,0.36,0.239,5.53654245
2015-12-01,42.65238095,-0.1,-0.05,-0.25,-0.045,-0.05,-0.495,0.195,5.4110766
2015-11-01,46.19636364,0,0,0,-0.02,-0.05,-0.07,-0.148,3.54398269
2015-10-01,45.48136364,0.1,-0.15,0,0.01,-0.05,-0.09,0.133,-0.715
2015-09-01,42.86333333,0.05,0.15,0,-0.01,0.05,0.24,-0.22,-2.61803031
2015-08-01,51.16173913,0,-0.2,0,0,0,-0.2,-0.431,8.2984058
2015-07-01,59.80454545,0.11,0.1,0,-0.01,-0.04,0.16,-0.503,8.64280632
2015-06-01,59.26238095,0.09,-0.05,0,0,-0.03,0.01,-0.081,-0.5421645
2015-05-01,54.20363636,-0.15,-0.35,0,-0.01,0,-0.51,0.377,-5.05874459
2015-04-01,47.78363636,-0.2,-0.15,0,-0.01,-0.01,-0.37,0.118,-6.42
2015-03-01,50.7175,0,-0.05,0,-0.03,-0.02,-0.1,0.939708,2.93386364
2015-02-01,47.60363636,-0.4,-0.4,0,-0.01,0,-0.81,0.141607,-3.11386364
2015-01-01,59.09956522,-0.1,0.15,0,-0.01,0,0.04,-0.391988,11.49592886
2014-12-01,75.7015,0,0.3,0,-0.03,-0.05,0.22,-0.263807,16.60193478
2014-11-01,84.4,0,-0.35,0,-0.04,0,-0.39,-0.051777,8.6985
2014-10-01,93.34909091,0.1,0.04,0,-0.03,0,0.11,0.126252,8.94909091
2014-09-01,96.38142857,-0.1,0.05,0,0.04,0,-0.01,-0.084532,3.03233766
2014-08-01,102.986087,0.1,-0.29,0,0.1,0,-0.09,-0.434112,6.60465843
2014-07-01,105.2419048,0.1,-0.03,0,-0.03,-0.05,-0.01,-0.025293,2.2558178
2014-06-01,102.0031818,-0.15,0.13,0,0,-0.05,-0.07,-0.106513,-3.238723
2014-05-01,102.1786364,0,0,0,-0.05,0.05,0,-0.094015,0.1754546
2014-04-01,100.5733333,0,-0.025,0,-0.2,-0.1,-0.325,0.424012,-1.6053031
2014-03-01,100.704,0,0.025,0,0.2,0,0.225,-0.385462,0.1306667
2014-02-01,94.99652174,0.2,0.1,0,-0.1,0.05,0.25,0.012369,-5.70747826
2014-01-01,97.90227273,0.05,-0.3,0,0,0,-0.25,-0.124878,2.90575099
2013-12-01,93.81238095,-0.1,-0.2,-0.1,0,0.05,-0.35,0.225072,-4.08989178
2013-11-01,100.5004348,0,0.05,-0.02,0,0,0.03,-0.12909,6.68805385
2013-10-01,106.3138095,0,0,0,0,0,0,0.213171,5.8133747
2013-09-01,106.5463636,0.3,-0.15,0,0,0,0.15,-0.20797,0.2325541
2013-08-01,104.5452174,0.1,0.45,0,0,0,0.55,-0.451225,-2.0011462
2013-07-01,95.7895,-0.2,-0.175,0,0,0,-0.375,-0.24986,-8.7557174
2013-06-01,94.71869565,-0.2,0,0,0,0,-0.2,-0.15363,-1.07080435
2013-05-01,92.01909091,-0.2,-0.025,0,0,0,-0.225,-0.832983,-2.69960474
2013-04-01,93.11809524,-0.2,0.1,0,0,0,-0.1,0.101622,1.09900433
2013-03-01,95.295,-0.3,-0.1,0,0,0,-0.4,0.391981,2.17690476
2013-02-01,94.6526087,0,0,0,0,0,0,-0.271662,-0.6423913
2013-01-01,88.19142857,0,0,0,0,0,0,0.551504,-6.46118013
2012-12-01,86.68954545,0.1,0.05,0,0,0,0.15,-0.284815,-1.50188312
2012-11-01,89.5173913,0.3,0.1,0.02,0,0,0.42,-0.255043,2.82784585
2012-10-01,94.606,0.26,-0.15,0,0,-0.04,0.07,-0.297819,5.0886087
2012-09-01,94.11043478,0,0.2,0.05,0,0,0.25,-0.251209,-0.49556522
2012-08-01,87.89045455,0.215,-0.1,0,0,0.015,0.13,-0.028504,-6.21998023
2012-07-01,82.35952381,0,-0.1,0.05,0,0,-0.05,-0.302459,-5.53093074
2012-06-01,94.50695652,0.005,-0.1,0.15,0,0.005,0.06,0.164161,12.14743271
2012-05-01,103.2842857,-0.29,-0.05,0.175,0,0.01,-0.155,0.496384,8.77732918
2012-04-01,106.1504545,0.2,0.04,0.075,0,0,0.315,-0.136421,2.8661688
2012-03-01,102.2628571,0.1,-0.24,0.15,0,0,0.01,-0.523042,-3.8875974
2012-02-01,100.1486364,0.01,-0.15,0.05,-0.1,0.01,-0.18,-0.187501,-2.1142207
2012-01-01,98.61227273,-0.2,0.1,0.05,0,0,-0.05,0.509175,-1.53636367
2011-12-01,97.06636364,0,0.05,0.1,0,-0.05,0.1,0.036132,-1.54590909
2011-11-01,86.40619048,0,0,0.05,0,0,0.05,0.814211,-10.66017316
2011-10-01,85.61681818,-0.3,0,0,0,0,-0.3,-0.063352,-0.7893723
2011-09-01,86.32130435,0.2,0,0.05,0,0,0.25,-0.117206,0.70448617
2011-08-01,97.19380952,0.2,-0.1,0,0,0,0.1,0.120042,10.87250517
2011-07-01,96.25409091,-0.1,0,0,0,-0.05,-0.15,0.035241,-0.93971861
2011-06-01,101.2513636,-0.2,-0.05,0.05,0,0,-0.2,-0.451682,4.99727269
2011-05-01,110.0428571,-0.7,0,0,0,0,-0.7,-0.163951,8.7914935
2011-04-01,102.916087,0,-0.05,0,0,0,-0.05,0.116493,-7.1267701
2011-03-01,89.366,0,0,0,-0.1,-0.1,-0.2,0.236436,-13.550087
2011-02-01,89.51,0.2,0,0,-0.1,-0.1,0,0.417104,0.144
2011-01-01,89.22347826,-0.42,0.1,0,0,0,-0.32,0.083846,-0.28652174
2010-12-01,84.19181818,-0.41,-0.1,0,-0.1,0,-0.61,0.458124,-5.03166008
2010-11-01,81.89952381,-0.05,-0.15,0,0,0,-0.2,0.20923,-2.29229437
2010-10-01,75.26,-0.05,0,0,0,0,-0.05,-0.181909,-6.63952381
2010-09-01,76.60181818,0.01,0,0,0,0,0.01,0.120482,1.34181818
2010-08-01,76.15909091,0.01,-0.05,0,0,0,-0.04,-0.088067,-0.44272727
2010-07-01,75.35363636,-0.01,0,0,0,0,-0.01,0.399163,-0.80545455
2010-06-01,73.74142857,0,0.1,0.1,0,-0.1,0.1,-0.243995,-1.61220779
2010-05-01,84.49545455,-0.07,-0.05,0,0,0,-0.12,-0.212733,10.75402598
2010-04-01,81.25043478,0.09,0,0,0,0,0.09,-0.291789,-3.24501977
2010-03-01,76.299,-0.05,0,0,0,0,-0.05,-0.207999,-4.95143478
2010-02-01,78.38619048,0.01,0.1,0,0,0,0.11,0.016712,2.08719048
2010-01-01,74.60304348,-0.05,0,0,0,0,-0.05,-0.85392,-3.783147
2009-12-01,77.95047619,0.09,-0.1,0,0,0.1,0.09,0.325022,3.34743271
2009-11-01,75.77227273,0.1,0,0,0,0,0.1,-0.066924,-2.17820346
2009-10-01,69.37863636,0,0.05,0,0,0,0.05,-0.083974,-6.39363637
2009-09-01,71.06,0,0.05,0,0,0,0.05,-0.287079,1.68136364
2009-08-01,64.23391304,0.1,0,0,0,0,0.1,-0.647057,-6.82608696
2009-07-01,69.62136364,0.1,0,0,0,0,0.1,-0.088547,5.3874506
2009-06-01,59.2152381,-0.2,-0.05,0,0,0,-0.25,-0.04639,-10.40612554
2009-05-01,49.91954545,-0.25,0,0,0,0,-0.25,1.19975,-9.29569265
2009-04-01,47.97545455,0,-0.05,0,0,0,-0.05,0.054796,-1.9440909
2009-03-01,39.0685,0,0,-0.05,0,0,-0.05,-0.800305,-8.90695455
2009-02-01,41.63090909,0,-0.05,0,0,0,-0.05,-0.185396,2.56240909
2009-01-01,40.64869565,0.05,-0.1,0.05,0,0,0,0.019233,-0.98221344
2008-12-01,57.151,0.4,0.15,0.1,0.15,0.15,0.95,0.023954,16.50230435
2008-11-01,76.61478261,0.45,0,0,0,0,0.45,0.030059,19.46378261
2008-10-01,104.4604545,0.45,-0.03,0,0.1,0.15,0.67,0.019502,27.84567189
2008-09-01,116.6404762,0,0,0,0.05,0,0.05,0.154052,12.1800217
2008-08-01,133.8956522,0.2,0.13,0,0,0,0.33,-0.15539,17.255176
2008-07-01,133.9271429,0.1,0.05,0,0,0,0.15,0.094821,0.0314907
2008-06-01,125.6554545,-0.25,-0.05,-0.1,0,0,-0.4,0.010892,-8.2716884
2008-05-01,112.6186364,-0.05,0,0,0,0,-0.05,0.047214,-13.0368181
2008-04-01,105.3447619,-0.3,-0.1,0,0,0,-0.4,0.00085,-7.2738745
2008-03-01,95.38952381,0.1,0,0,0,0,0.1,0.095896,-9.95523809
2008-02-01,93.0026087,0,0,0,0,0,0,0.018,-2.38691511
2008-01-01,91.75904762,0,-0.15,0,0,-0.05,-0.2,-0.036,-1.24356108
2007-12-01,94.90454545,-0.1,0.1,-0.1,-0.05,0,-0.15,-0.044,3.14549783
2007-11-01,85.90391304,-0.1,-0.05,0,-0.4,-0.03,-0.58,-0.015,-9.00063241
2007-10-01,79.613,-0.2,0.05,0,0.45,-0.02,0.28,-0.096,-6.29091304
2007-09-01,72.37826087,0,-0.1,0,0,0,-0.1,-0.244,-7.23473913
2007-08-01,74.01772727,-0.2,-0.3,0,-0.05,0,-0.55,-0.081,1.6394664
2007-07-01,67.49190476,0,0.15,0,-0.05,-0.055,0.045,-0.025,-6.52582251
2007-06-01,63.5073913,0,-0.05,0,0,-0.025,-0.075,-0.146,-3.98451346
2007-05-01,63.95285714,0,0.1,0,0,0,0.1,0.106,0.44546584
2007-04-01,60.60181818,0,0,0,0,0,0,0.153,-3.35103896
2007-03-01,59.257,0,-0.05,0,0,0,-0.05,0.967,-1.34481818
2007-02-01,54.77782609,0,-0.05,0,-0.04,0,-0.09,0.652,-4.47917391
2007-01-01,61.99238095,0.15,-0.25,0,0.04,0.03,-0.03,0.714,7.21455486
2006-12-01,59.06772727,0,0.25,0,0,0,0.25,-0.040194,-2.92465368
2006-11-01,58.85045455,0.05,0,0,0,0.05,0.1,0.296693,-0.21727272
2006-10-01,64.0747619,0,0.1,0.05,0.1,0.05,0.3,0.195863,5.22430735
2006-09-01,73.04173913,0.2,0.05,0,0,0,0.25,-0.361133,8.96697723
2006-08-01,74.35904762,0.3,0.05,0,0,0,0.35,-0.079863,1.31730849
2006-07-01,70.93181818,0,0,0,0,0,0,-0.358958,-3.42722944
2006-06-01,70.95217391,-0.2,-0.05,0,-0.1,0,-0.35,0.292043,0.02035573
2006-05-01,69.5315,0.1,-0.25,0,0,-0.025,-0.175,-0.210958,-1.42067391
2006-04-01,62.88956522,0.15,0,0.05,0,0,0.2,-0.083958,-6.64193478
2006-03-01,61.5285,0,0,0,0,0,0,0.023962,-1.36106522
2006-02-01,65.21045455,0.15,-0.1,0.05,0,0.025,0.125,-0.654917,3.68195455
2006-01-01,59.36045455,-0.1,-0.2,0.05,0,0.05,-0.2,0.150749,-5.85
2005-12-01,58.29909091,0.1,0.05,0,0,0,0.15,-0.186747,-1.06136364
2005-11-01,62.36380952,0,0.05,0.05,0,0,0.1,-0.631986,4.06471861
2005-10-01,65.63045455,0,0.1,0,0,0,0.1,0.016709,3.26664503
2005-09-01,64.95565217,0.1,0.25,0,0,0,0.35,-0.266,-0.67480238
2005-08-01,58.67,0,-0.15,0.05,-0.05,-0.1,-0.25,0.133,-6.28565217
2005-07-01,56.38909091,0,0.1,0,-0.05,0,0.05,0.174695,-2.28090909
2005-06-01,49.90636364,0,-0.1,0,-0.1,0,-0.2,-0.208,-6.48272727
2005-05-01,52.96285714,0,0,-0.1,0,0,-0.1,-0.079,3.0564935
2005-04-01,54.04304348,0,0,0,0.2,0,0.2,-0.069,1.08018634
2005-03-01,47.982,-0.1,0,0,-0.05,0,-0.15,0.321,-6.06104348
2005-02-01,46.89428571,0,0,0,-0.05,0,-0.05,0.073,-1.08771429
2005-01-01,43.27347826,0,0,0,0,-0.05,-0.05,0.364,-3.62080745
2004-12-01,48.52045455,0,0,0,0.1,-0.05,0.05,0.23,5.24697629
2004-11-01,53.24619048,0,-0.2,0,0,0,-0.2,0.341,4.72573593
2004-10-01,45.84227273,0,0.5,0,0,0,0.5,-0.102,-7.40391775
2004-09-01,44.92363636,0,0.1,0,0,0,0.1,-0.32,-0.91863637
2004-08-01,40.71136364,0,-0.5,0,0,0,-0.5,-0.243,-4.21227272
2004-07-01,38.05,0,0.2,0,-0.07,0,0.13,0.322,-2.66136364
2004-06-01,40.26571429,0,-0.3,0,-0.02,0,-0.32,-0.003,2.21571429
2004-05-01,36.74045455,-1,0.2,0,-0.23,0,-1.03,0.15,-3.52525974
2004-04-01,36.73130435,-0.1,0.4,0,-0.06,-0.05,0.19,-0.0388,-0.0091502
2004-03-01,34.7215,0,-0.1,0,0.15,0.005,0.055,0.305078,-2.00980435
2004-02-01,34.12409091,0.3,-0.2,0,0.05,-0.055,0.095,0.091166,-0.59740909
2004-01-01,32.17869565,0,0.1,0,-0.02,0,0.08,0.045841,-1.94539526
2003-12-01,31.024,-0.111673627,-0.154952447,-0.037797087,0,-0.044180941,-0.3486041,0.347236,-1.15469565
2003-11-01,30.32173913,-0.158675776,-0.099746028,-0.099030844,-0.05,-0.09807909,-0.50553174,-0.328746,-0.70226087
2003-10-01,28.43318182,0.14875854,-0.099746029,-0.049515422,-0.02,0,-0.02050291,-0.029561,-1.88855731
2003-09-01,31.58380952,-0.09917236,-0.349111099,0,-0.03,-0.098079089,-0.57636255,-0.247273,3.1506277
2003-08-01,30.73434783,0.059503416,-0.349111099,0,0.04,0,-0.24960768,-0.120275,-0.84946169
2003-07-01,30.71,0,-0.478780936,0,0.01,0,-0.46878094,0.122912,-0.02434783
2003-06-01,28.20181818,0.089255124,-0.119695234,-0.029709253,0,0,-0.06014936,-0.114897,-2.50818182
2003-05-01,28.32818182,0.694206519,-0.159593646,0,0.05,0.181446315,0.76605919,-0.198389,0.12636364
2003-04-01,33.31571429,0.19834472,-0.239390468,0,0.05,0.112790953,0.1217452,-0.103095,4.98753247
2003-03-01,35.8525,-0.138841304,1.316647575,0.004951542,0,-0.098079089,1.08467873,-0.20123,2.53678571
2003-02-01,32.91521739,-0.585116924,1.112168216,-0.024757711,-0.2,-0.245197724,0.05709585,-0.204728,-2.93728261
2003-01-01,29.44,-0.298012941,0.064834918,-0.074273133,-0.05,-0.059337849,-0.416789,0.522,-3.47521739
2002-12-01,26.56,-0.449075387,-0.223523723,-0.039868092,-0.06,0.018216514,-0.75425069,-0.025,-2.88
2002-11-01,28.85,0.0505,0.07,-0.05,-0.04,-0.0295,0.001,-0.516,2.29
2002-10-01,29.67,-0.2,0.03,0,0.013,-0.01,-0.167,0.185271,0.82
2002-09-01,28.37,-0.02,-0.6,-0.05,-0.01,0,-0.68,-0.396,-1.3
2002-08-01,26.92,-0.15,-0.32,-0.045,-0.013,-0.02,-0.548,-1.142136,-1.45
2002-07-01,25.51,-0.03,0.33,-0.015,-0.01,0,0.275,0.194,-1.41
2002-06-01,27.04,-0.2,-0.31,-0.01,-0.02,-0.02,-0.56,0.05,1.53
2002-05-01,26.24,-0.05,0.34,-0.02,0,-0.01,0.26,0.102,-0.8
2002-04-01,24.38,0.005,-0.65,-0.02,0.01,-0.02,-0.675,0.081,-1.86
2002-03-01,20.72,-0.145,1.3,0.01,-0.015,-0.01,1.14,-0.29277201,-3.66
2002-02-01,19.69,-0.1,0.03,-0.02,-0.005,-0.047,-0.142,-0.66931281,-1.03
2002-01-01,19.31,0.09,-0.23,0.02,0.01,0.047,-0.063,0.02020328,-0.38
2001-12-01,19.59,0.3,-0.325295043,0.106,0.013030096,0.062637353,0.15637241,-0.61928615,0.28
2001-11-01,22.18,0.07,0.766371221,0.044,0,0,0.88037122,-0.33936329,2.59
2001-10-01,25.59,0,0.104147884,0,0,0.009858955,0.11400684,-0.49126653,3.41
2001-09-01,27.45,0.13,-0.233841475,0.12,0.029015148,0.019717911,0.06489158,-0.12120121,1.86
2001-08-01,26.44,0.27,0.198470495,0.13,0.074472214,0.064083211,0.73702592,0.71444611,-1.01
2001-07-01,27.56,0.18,-0.71724486,0.09,0.012573231,-0.014788434,-0.44946006,-0.2014003,1.12
2001-06-01,28.61,-0.2,-1.021828295,-0.09,0.019343433,0.009858956,-1.28262591,0.8192145,1.05
2001-05-01,27.37,-0.05,1.768548971,-0.1,0.016441917,-0.036478135,1.59851275,-0.62258099,-1.24
2001-04-01,27.24,-0.05,0.024563181,0.1,0.051260096,0.016760224,0.14258351,-1.30759554,-0.13
2001-03-01,29.57,0.35,-0.073689541,0.05,0.087045445,0.088730599,0.5020865,-0.41043336,2.33
2001-02-01,29.52,0.02,-0.648467956,-0.05,-0.038686864,0.029576866,-0.68757796,1.79871425,-0.05
2001-01-01,28.4,0.38,-0.451962515,0.15,0.058030297,0.069012688,0.20508047,-0.0725714,-1.12
2000-12-01,34.37,0.1,-0.349772067,-0.053549408,0.057474987,-0.008814737,-0.25466122,-0.76571046,5.97
2000-11-01,33.05,0.1,1.46,-0.074543616,-0.005,0.00488723,1.48534361,-0.80708495,-1.32
2000-10-01,33.89,-0.1,0.19,0.004969574,-0.005,-0.00488723,0.08508235,0.14739385,0.84
2000-09-01,31.31,0.175,-0.13,-0.07951319,-0.02,-0.039097836,-0.09361103,-0.5697722,-2.58
2000-08-01,29.97,-0.1525,0.12,-0.004969575,-0.01,0.002443615,-0.04502596,0.28154055,-1.34
2000-07-01,31.86,-0.4325,-0.47,0,-0.06,-0.002443615,-0.96494361,-0.84608496,1.89
2000-06-01,28.78,-0.14,0.04,-0.044726169,-0.04,-0.019548918,-0.20427509,1.20424715,-3.08
2000-05-01,25.78,-0.05,0.49,-0.019878298,0.1,-0.048872296,0.47124941,-0.2036255,-3
2000-04-01,29.92,-0.1,-0.4,-0.009939149,0,0,-0.50993915,-0.03335905,4.14
2000-03-01,29.21,-0.235,-0.44,0.059634893,-0.08,-0.058646754,-0.75401186,0.49429023,-0.71
2000-02-01,27.24,0,0.38,-0.208722125,-0.05,-0.024436148,0.09684172,0.89573261,-1.97
2000-01-01,26.02,-0.002,-0.38,-0.059634893,-0.005,-0.051804633,-0.49843952,0.09028783,-1.22
1999-12-01,25.06,-1.79E-06,-0.81,-0.009286726,-0.09048973,0.004233092,-0.90554516,0.04131398,-0.96
1999-11-01,22.94,0.002,0.8,0.049997666,-0.049988199,-0.016999841,0.78500963,0.80113759,-2.12
1999-10-01,23.52,-0.019999995,0.465,0.049997667,0.039990559,0.019999813,0.55498804,-0.50220937,0.58
1999-09-01,21.17,-0.109999975,0.185,-0.049997667,0,-0.039999625,-0.01499726,-1.22131752,-2.35
1999-08-01,19.89,-0.024999995,0,0.049997667,-0.00499882,-0.024999765,-0.00500092,1.49476521,-1.28
1999-07-01,17.72,-0.099999977,-0.05,-0.019999067,-0.00999764,-0.029999719,-0.2099964,0.24459156,-2.17
1999-06-01,17.75,0,-0.45,-0.099995333,-0.019995279,0,-0.56999061,0.67169425,0.03
1999-05-01,17.23,0.054999988,0.35,0.019999067,0.019995279,-0.014999859,0.42999447,-0.66999524,-0.52
1999-04-01,14.36,0,-0.05,0.049997666,0.0499882,-0.029999718,0.01998615,0.39034018,-2.87
1999-03-01,11.99,0.554999873,-0.225,0.309985532,0.054987019,0.234997794,0.92997022,-0.17398941,-2.37
1999-02-01,12.34,-0.054999987,0.225,0.129993933,0.094977578,-0.014999859,0.37997167,1.43124204,0.35
1999-01-01,11.31,-0.099999977,-0.14,-0.259987865,-0.089978758,-0.009999906,-0.59996651,0.05042113,-1.03
1998-12-01,12.96,0.045001833,-0.21,-0.079830584,0.050509791,0.015018721,-0.17930024,-0.27152619,1.65
1998-11-01,14.42,0.06,0.2,0.05,0,0.01,0.32,0.02736695,1.46
1998-10-01,14.98,0.05,0.05,-0.15,0,-0.05,-0.1,-0.97054742,0.56
1998-09-01,13.4,-0.047,0,0.2,0.01,0.002,0.165,-0.26893174,-1.58
1998-08-01,14.12,0.052,0,-0.25,0,0.053,-0.145,0.40921115,0.72
1998-07-01,13.71,0.05,-0.2,0.15,-0.02,0.05,0.03,-0.53191278,-0.41
1998-06-01,14.9,0.05,-0.435,0.25,0.02,0.03,-0.085,-0.90789597,1.19
1998-05-01,15.32,0.3,0.325,-0.2,0.03,0,0.455,0.06673359,0.42
1998-04-01,15.11,-0.04,-0.26,0.2,0.09,0.01,0,-0.66298152,-0.21
1998-03-01,16.06,-0.125,-0.16,-0.2,0.06,0.095,-0.33,-1.1536114,0.95
1998-02-01,16.7,0.3,-0.122,0,-0.045,0,0.133,0.87527495,0.64
1998-01-01,18.3,0.005,-0.442,0,0,0.005,-0.432,0.53505988,1.6
1997-12-01,20.1,-0.243806613,-0.500721355,0.05,-0.125,-0.118943508,-0.93847148,-0.0644555,1.8
1997-11-01,21.25,-0.107430519,0.592738008,0,-0.005,-0.096370413,0.38393708,-0.02499015,1.15
1997-10-01,19.77,0.048832054,0.228724848,-0.05,0.02,0,0.2475569,-0.23485827,-1.48
1997-09-01,19.92,0,0.107062694,-0.15,0,0,-0.0429373,-0.54026688,0.15
1997-08-01,19.63,-0.004883205,-0.214125389,0.2,0,-0.004818521,-0.02382712,0.50992256,-0.29
1997-07-01,19.17,-0.097664108,-0.885700472,0,0,0,-0.98336458,0.06449998,-0.46
1997-06-01,20.83,-0.019532821,0,0.05,0,-0.019274082,0.0111931,1.18884294,1.66
1997-05-01,19.71,0.007813128,0.700774,-0.1,-0.115,-0.022165196,0.47142193,0.25010442,-1.12
1997-04-01,20.98,0.019532822,-0.048664861,0.05,0.15,0.077096331,0.24796429,-0.52003846,1.27
1997-03-01,22.19,-0.051761977,-0.097329723,0,0,-0.001927408,-0.15101911,-0.1066998,1.21
1997-02-01,25.17,-0.104500595,-0.048664861,0,-0.03,-0.026983716,-0.21014917,0.255,2.98
1997-01-01,25.37,-0.139659674,-0.038931889,0,-0.03,0.007709633,-0.20088193,-0.27013138,0.2
1996-12-01,23.61,0.286061508,-0.168849064,-0.05,0.005,0.06767688,0.13988933,0.135,-1.76
1996-11-01,24.9,-0.103,-0.337062987,0.05,-0.055,-0.002,-0.44706299,-0.08519922,1.29
1996-10-01,24.01,0,0,-0.05,0.06,0,0.01,0.27017517,-0.89
1996-09-01,21.94,-0.055,0,0.1,0,-0.005,0.04,0.12475699,-2.07
1996-08-01,21.29,0.02,0,-0.02,-0.05,-0.03,-0.08,0.515,-0.65
1996-07-01,20.42,0.075,0,-0.03,0,0.025,0.07,0.06835033,-0.87
1996-06-01,21.21,-0.1,0,0,0.01,0,-0.09,0.07243792,0.79
1996-05-01,23.56,-0.06,0,-0.05,0.005,-0.01,-0.115,0.016,2.35
1996-04-01,21.31,-0.047,0,0.05,-0.025,0.012,-0.01,-0.45175698,-2.25
1996-03-01,19.09,0.16,0,0.03,0.035,-0.01,0.215,-1.02276259,-2.22
1996-02-01,18.87,0,0,-0.03,-0.02,0,-0.05,0.36590709,-0.22
1996-01-01,19.03,-0.1305,0,0.05,0.025,-0.0195,-0.075,0.23005653,0.16
1995-12-01,18.01,-0.0075,0.009751051,-0.05,-0.120219667,-0.0225,-0.19046862,-0.14706749,-1.02
1995-11-01,17.43,-0.09,0,-0.05,0.063623289,0.055,-0.02137671,-0.00550879,-0.58
1995-10-01,18.22,0.295,0,0.1,0,-0.005,0.39,-1.12524239,0.79
1995-09-01,18.01,0,0,-0.1,0,-0.03,-0.13,-0.014562,-0.21
1995-08-01,17.3,0.11,0,0.05,0,0.04,0.2,0.41786779,-0.71
1995-07-01,18.42,-0.015,0,-0.15,0,-0.015,-0.18,0.26456954,1.12
1995-06-01,19.73,-0.31,0,0.05,0,-0.01,-0.27,-0.24449255,1.31
1995-05-01,19.91,0.3,0,0.25,0,0,0.55,-0.19531589,0.18
1995-04-01,18.55,-0.18,0,-0.2,0,0.02,-0.36,-0.25305508,-1.36
1995-03-01,18.55,-0.11,0,-0.15,0,-0.01,-0.27,0.06356144,0
1995-02-01,18.02,0.11,0,0.2,0,0.01,0.32,-0.51975143,-0.53
1995-01-01,17.17,-0.1,0,-0.1,0,0,-0.2,-0.04728493,-0.85
1994-12-01,18.07,0.152659086,2.40E-07,0.06786328,0.046552918,-0.02924952,0.23782601,-0.14796076,0.9
1994-11-01,17.7,-0.054816393,0,0.09952856,-0.02907422,-0.00497754,0.0106604,-0.0505071,-0.37
1994-10-01,17.45,0,0,-0.09952856,0,0,-0.09952856,0.0035221,-0.25
1994-09-01,18.38,-0.064789062,0,0.0497644,0.03876562,0.00497754,0.0287185,-0.15384113,0.93
1994-08-01,19.65,-0.059800772,0,-0.0497644,0,0,-0.10956517,-0.14874607,1.27
1994-07-01,19.07,-0.019933588,0,-0.04976416,0,0,-0.06969775,-0.0617719,-0.58
1994-06-01,17.88,-0.009968748,0,0.09952856,0,0,0.08955981,0.20278791,-1.19
1994-05-01,16.4,0,0,-0.09952856,-0.01938281,0,-0.11891137,-0.09749391,-1.48
1994-04-01,14.65,0.019937497,0,-0.04976441,-0.0096914,-0.02986474,-0.06938305,-0.09338596,-1.75
1994-03-01,14.77,-0.014953128,-0.01,0.14929297,0,-0.01493213,0.10940771,0.03535992,0.12
1994-02-01,15.01,-0.007476559,0,-0.09952856,0.02422851,-0.00746631,-0.09024292,-0.10637672,0.24
1994-01-01,14.51,0.007476559,0,0.04976416,-0.02422851,-0.00248877,0.03052344,0.32995801,-0.5
1993-12-01,16.68,-0.063334892,-0.00500024,-0.02937328,-0.09179973,0.04209647,-0.14741167,-0.23498716,2.17
1993-11-01,18.16,-0.01,0,-0.145479,0,-0.004946,-0.160425,0.20533796,1.48
1993-10-01,17.51,0.15,-0.01,0.145479,0,0,0.285479,-0.25104219,-0.65
1993-09-01,18.01,0.125,0,-0.048493,0,-0.024733,0.051774,-0.32012497,0.5
1993-08-01,17.86,0.075,-0.03,-0.145479,-0.009634,0.024733,-0.08538,0.65500636,-0.15
1993-07-01,19.11,-0.105,0,0.290959,0,-0.103878,0.082081,-0.52499464,1.25
1993-06-01,19.94,-0.09,0,-0.14548,0.019268,-0.163238,-0.37945,-0.51999152,0.83
1993-05-01,20.26,-0.15,0,0,0,-0.061832,-0.211832,0.34797025,0.32
1993-04-01,20.32,0,0,-0.145479,0.038537,-0.066779,-0.173721,-0.14777954,0.06
1993-03-01,20.04,0.3,0,0.193972,0,0.004947,0.498919,0.23439872,-0.28
1993-02-01,19.06,0.14,0,0.048493,0.033719,0.212703,0.434915,0.03517261,-0.98
